2025-06-18 11:08:24.100 - |INFO| - [mqtt_connector.py] - mqtt_connector - load_handlers - 314 - Number of accepted mapping handlers: 1
2025-06-18 11:08:24.612 - |INFO| - [mqtt_connector.py] - mqtt_connector - _on_connect - 402 - MQTT Connector connected to 34.173.180.125:1883 - successfully.
2025-06-18 11:08:24.617 - |INFO| - [mqtt_connector.py] - mqtt_connector - _on_connect - 480 - Connector "MQTT Connector" subscribe to cpv1/#
2025-06-18 11:08:24.887 - |INFO| - [mqtt_connector.py] - mqtt_connector - _on_subscribe - 523 - (<paho.mqtt.properties.Properties object at 0x00000235261EE8F0>,)
2025-06-18 11:08:24.888 - |INFO| - [mqtt_connector.py] - mqtt_connector - _on_subscribe - 530 - "MQTT Connector" subscription success to topic cpv1/#, subscription message id = 1
2025-06-18 11:09:26.623 - |INFO| - [mqtt_connector.py] - mqtt_connector - close - 383 - MQTT Connector has been stopped.
2025-06-18 11:09:26.635 - |INFO| - [mqtt_connector.py] - mqtt_connector - load_handlers - 314 - Number of accepted mapping handlers: 1
2025-06-18 11:09:27.130 - |INFO| - [mqtt_connector.py] - mqtt_connector - _on_connect - 402 - MQTT Connector connected to 34.173.180.125:1883 - successfully.
2025-06-18 11:09:27.130 - |INFO| - [mqtt_connector.py] - mqtt_connector - _on_connect - 480 - Connector "MQTT Connector" subscribe to cpv1/#
2025-06-18 11:09:27.375 - |INFO| - [mqtt_connector.py] - mqtt_connector - _on_subscribe - 523 - (<paho.mqtt.properties.Properties object at 0x00000235260D3A30>,)
2025-06-18 11:09:27.375 - |INFO| - [mqtt_connector.py] - mqtt_connector - _on_subscribe - 530 - "MQTT Connector" subscription success to topic cpv1/#, subscription message id = 1
2025-06-18 11:12:46.768 - |INFO| - [mqtt_connector.py] - mqtt_connector - close - 383 - MQTT Connector has been stopped.
2025-06-18 11:13:20.007 - |INFO| - [mqtt_connector.py] - mqtt_connector - load_handlers - 314 - Number of accepted mapping handlers: 1
2025-06-18 11:13:20.528 - |INFO| - [mqtt_connector.py] - mqtt_connector - _on_connect - 402 - MQTT Connector connected to 34.173.180.125:1883 - successfully.
2025-06-18 11:13:20.549 - |INFO| - [mqtt_connector.py] - mqtt_connector - _on_connect - 480 - Connector "MQTT Connector" subscribe to cpv1/#
2025-06-18 11:13:20.807 - |INFO| - [mqtt_connector.py] - mqtt_connector - _on_subscribe - 523 - (<paho.mqtt.properties.Properties object at 0x000001AFED327C70>,)
2025-06-18 11:13:20.807 - |INFO| - [mqtt_connector.py] - mqtt_connector - _on_subscribe - 530 - "MQTT Connector" subscription success to topic cpv1/#, subscription message id = 1
2025-06-18 11:14:22.800 - |INFO| - [mqtt_connector.py] - mqtt_connector - close - 383 - MQTT Connector has been stopped.
2025-06-18 11:14:29.819 - |INFO| - [mqtt_connector.py] - mqtt_connector - load_handlers - 314 - Number of accepted mapping handlers: 1
2025-06-18 11:14:30.379 - |INFO| - [mqtt_connector.py] - mqtt_connector - _on_connect - 402 - MQTT Connector connected to 34.173.180.125:1883 - successfully.
2025-06-18 11:14:30.386 - |INFO| - [mqtt_connector.py] - mqtt_connector - _on_connect - 480 - Connector "MQTT Connector" subscribe to cpv1/#
2025-06-18 11:14:30.659 - |INFO| - [mqtt_connector.py] - mqtt_connector - _on_subscribe - 523 - (<paho.mqtt.properties.Properties object at 0x000001FD9B4B7C70>,)
2025-06-18 11:14:30.659 - |INFO| - [mqtt_connector.py] - mqtt_connector - _on_subscribe - 530 - "MQTT Connector" subscription success to topic cpv1/#, subscription message id = 1
2025-06-18 11:18:08.599 - |INFO| - [mqtt_connector.py] - mqtt_connector - _on_connect - 402 - MQTT Connector connected to 34.173.180.125:1883 - successfully.
2025-06-18 11:18:08.599 - |INFO| - [mqtt_connector.py] - mqtt_connector - _on_connect - 480 - Connector "MQTT Connector" subscribe to cpv1/#
2025-06-18 11:18:08.848 - |INFO| - [mqtt_connector.py] - mqtt_connector - _on_subscribe - 523 - (<paho.mqtt.properties.Properties object at 0x000001FD9B522740>,)
2025-06-18 11:18:08.849 - |INFO| - [mqtt_connector.py] - mqtt_connector - _on_subscribe - 530 - "MQTT Connector" subscription success to topic cpv1/#, subscription message id = 2
2025-06-18 11:25:06.670 - |INFO| - [mqtt_connector.py] - mqtt_connector - close - 383 - MQTT Connector has been stopped.
2025-06-18 11:25:12.118 - |INFO| - [mqtt_connector.py] - mqtt_connector - load_handlers - 314 - Number of accepted mapping handlers: 1
2025-06-18 11:25:12.619 - |INFO| - [mqtt_connector.py] - mqtt_connector - _on_connect - 402 - MQTT Connector connected to 34.173.180.125:1883 - successfully.
2025-06-18 11:25:12.626 - |INFO| - [mqtt_connector.py] - mqtt_connector - _on_connect - 480 - Connector "MQTT Connector" subscribe to cpv1/#
2025-06-18 11:25:12.873 - |INFO| - [mqtt_connector.py] - mqtt_connector - _on_subscribe - 523 - (<paho.mqtt.properties.Properties object at 0x000001D91C257C70>,)
2025-06-18 11:25:12.874 - |INFO| - [mqtt_connector.py] - mqtt_connector - _on_subscribe - 530 - "MQTT Connector" subscription success to topic cpv1/#, subscription message id = 1
2025-06-18 11:26:32.200 - |INFO| - [mqtt_connector.py] - mqtt_connector - close - 383 - MQTT Connector has been stopped.
2025-06-18 11:26:36.582 - |INFO| - [mqtt_connector.py] - mqtt_connector - load_handlers - 314 - Number of accepted mapping handlers: 1
2025-06-18 11:26:37.077 - |INFO| - [mqtt_connector.py] - mqtt_connector - _on_connect - 402 - MQTT Connector connected to 34.173.180.125:1883 - successfully.
2025-06-18 11:26:37.083 - |INFO| - [mqtt_connector.py] - mqtt_connector - _on_connect - 480 - Connector "MQTT Connector" subscribe to cpv1/#
2025-06-18 11:26:37.328 - |INFO| - [mqtt_connector.py] - mqtt_connector - _on_subscribe - 523 - (<paho.mqtt.properties.Properties object at 0x0000013434577C70>,)
2025-06-18 11:26:37.328 - |INFO| - [mqtt_connector.py] - mqtt_connector - _on_subscribe - 530 - "MQTT Connector" subscription success to topic cpv1/#, subscription message id = 1
2025-06-18 11:28:41.622 - |INFO| - [mqtt_connector.py] - mqtt_connector - _on_connect - 402 - MQTT Connector connected to 34.173.180.125:1883 - successfully.
2025-06-18 11:28:41.623 - |INFO| - [mqtt_connector.py] - mqtt_connector - _on_connect - 480 - Connector "MQTT Connector" subscribe to cpv1/#
2025-06-18 11:28:41.881 - |INFO| - [mqtt_connector.py] - mqtt_connector - _on_subscribe - 523 - (<paho.mqtt.properties.Properties object at 0x00000134316FC3D0>,)
2025-06-18 11:28:41.881 - |INFO| - [mqtt_connector.py] - mqtt_connector - _on_subscribe - 530 - "MQTT Connector" subscription success to topic cpv1/#, subscription message id = 2
2025-06-18 11:29:10.053 - |INFO| - [mqtt_connector.py] - mqtt_connector - close - 383 - MQTT Connector has been stopped.
2025-06-18 11:29:13.742 - |INFO| - [mqtt_connector.py] - mqtt_connector - __init__ - 144 - Old MQTT connector configuration format detected. Automatic conversion is applied.
2025-06-18 11:29:13.742 - |INFO| - [mqtt_connector.py] - mqtt_connector - load_handlers - 314 - Number of accepted mapping handlers: 1
2025-06-18 11:29:14.259 - |INFO| - [mqtt_connector.py] - mqtt_connector - _on_connect - 402 - MQTT Connector connected to 34.173.180.125:1883 - successfully.
2025-06-18 11:29:14.259 - |ERROR| - [mqtt_connector.py] - mqtt_connector - _on_connect - 430 - Converter type or extension class should be configured!
2025-06-18 11:31:25.038 - |INFO| - [mqtt_connector.py] - mqtt_connector - close - 383 - MQTT Connector has been stopped.
2025-06-18 11:31:29.315 - |INFO| - [mqtt_connector.py] - mqtt_connector - __init__ - 144 - Old MQTT connector configuration format detected. Automatic conversion is applied.
2025-06-18 11:31:29.315 - |INFO| - [mqtt_connector.py] - mqtt_connector - load_handlers - 314 - Number of accepted mapping handlers: 1
2025-06-18 11:31:29.884 - |INFO| - [mqtt_connector.py] - mqtt_connector - _on_connect - 402 - MQTT Connector connected to 34.173.180.125:1883 - successfully.
2025-06-18 11:31:29.885 - |ERROR| - [mqtt_connector.py] - mqtt_connector - _on_connect - 430 - Converter type or extension class should be configured!
2025-06-18 11:31:43.817 - |INFO| - [mqtt_connector.py] - mqtt_connector - close - 383 - MQTT Connector has been stopped.
2025-06-18 11:31:47.669 - |INFO| - [mqtt_connector.py] - mqtt_connector - __init__ - 144 - Old MQTT connector configuration format detected. Automatic conversion is applied.
2025-06-18 11:31:47.669 - |INFO| - [mqtt_connector.py] - mqtt_connector - load_handlers - 314 - Number of accepted mapping handlers: 1
2025-06-18 11:31:48.182 - |INFO| - [mqtt_connector.py] - mqtt_connector - _on_connect - 402 - MQTT Connector connected to 34.173.180.125:1883 - successfully.
2025-06-18 11:31:48.182 - |ERROR| - [mqtt_connector.py] - mqtt_connector - _on_connect - 430 - Converter type or extension class should be configured!
2025-06-18 11:33:33.766 - |INFO| - [mqtt_connector.py] - mqtt_connector - close - 383 - MQTT Connector has been stopped.
2025-06-18 11:33:37.373 - |INFO| - [mqtt_connector.py] - mqtt_connector - load_handlers - 314 - Number of accepted mapping handlers: 1
2025-06-18 11:33:37.890 - |INFO| - [mqtt_connector.py] - mqtt_connector - _on_connect - 402 - MQTT Connector connected to 34.173.180.125:1883 - successfully.
2025-06-18 11:33:37.892 - |INFO| - [mqtt_connector.py] - mqtt_connector - _on_connect - 480 - Connector "MQTT Connector" subscribe to cpv1/#
2025-06-18 11:33:38.149 - |INFO| - [mqtt_connector.py] - mqtt_connector - _on_subscribe - 523 - (<paho.mqtt.properties.Properties object at 0x000001F6EC317C70>,)
2025-06-18 11:33:38.150 - |INFO| - [mqtt_connector.py] - mqtt_connector - _on_subscribe - 530 - "MQTT Connector" subscription success to topic cpv1/#, subscription message id = 1
2025-06-18 11:34:39.768 - |INFO| - [mqtt_connector.py] - mqtt_connector - close - 383 - MQTT Connector has been stopped.
2025-06-18 11:34:39.817 - |INFO| - [mqtt_connector.py] - mqtt_connector - load_handlers - 314 - Number of accepted mapping handlers: 1
2025-06-18 11:34:40.337 - |INFO| - [mqtt_connector.py] - mqtt_connector - _on_connect - 402 - MQTT Connector connected to 34.173.180.125:1883 - successfully.
2025-06-18 11:34:40.338 - |INFO| - [mqtt_connector.py] - mqtt_connector - _on_connect - 480 - Connector "MQTT Connector" subscribe to cpv1/#
2025-06-18 11:34:40.598 - |INFO| - [mqtt_connector.py] - mqtt_connector - _on_subscribe - 523 - (<paho.mqtt.properties.Properties object at 0x000001F6EC47CFA0>,)
2025-06-18 11:34:40.598 - |INFO| - [mqtt_connector.py] - mqtt_connector - _on_subscribe - 530 - "MQTT Connector" subscription success to topic cpv1/#, subscription message id = 1
2025-06-18 11:35:52.652 - |INFO| - [mqtt_connector.py] - mqtt_connector - close - 383 - MQTT Connector has been stopped.
2025-06-18 11:35:57.039 - |INFO| - [mqtt_connector.py] - mqtt_connector - load_handlers - 314 - Number of accepted mapping handlers: 1
2025-06-18 11:35:57.552 - |INFO| - [mqtt_connector.py] - mqtt_connector - _on_connect - 402 - MQTT Connector connected to 34.173.180.125:1883 - successfully.
2025-06-18 11:35:57.560 - |INFO| - [mqtt_connector.py] - mqtt_connector - _on_connect - 480 - Connector "MQTT Connector" subscribe to cpv1/#
2025-06-18 11:35:57.816 - |INFO| - [mqtt_connector.py] - mqtt_connector - _on_subscribe - 523 - (<paho.mqtt.properties.Properties object at 0x0000025C887D7C70>,)
2025-06-18 11:35:57.816 - |INFO| - [mqtt_connector.py] - mqtt_connector - _on_subscribe - 530 - "MQTT Connector" subscription success to topic cpv1/#, subscription message id = 1
2025-06-18 11:37:12.939 - |INFO| - [mqtt_connector.py] - mqtt_connector - close - 383 - MQTT Connector has been stopped.
2025-06-18 11:37:18.088 - |INFO| - [mqtt_connector.py] - mqtt_connector - load_handlers - 314 - Number of accepted mapping handlers: 1
2025-06-18 11:37:18.605 - |INFO| - [mqtt_connector.py] - mqtt_connector - _on_connect - 402 - MQTT Connector connected to 34.173.180.125:1883 - successfully.
2025-06-18 11:37:18.608 - |INFO| - [mqtt_connector.py] - mqtt_connector - _on_connect - 480 - Connector "MQTT Connector" subscribe to cpv1/#
2025-06-18 11:37:18.865 - |INFO| - [mqtt_connector.py] - mqtt_connector - _on_subscribe - 523 - (<paho.mqtt.properties.Properties object at 0x000001C2BBED7C70>,)
2025-06-18 11:37:18.865 - |INFO| - [mqtt_connector.py] - mqtt_connector - _on_subscribe - 530 - "MQTT Connector" subscription success to topic cpv1/#, subscription message id = 1
2025-06-18 11:40:16.806 - |INFO| - [mqtt_connector.py] - mqtt_connector - close - 383 - MQTT Connector has been stopped.
2025-06-18 11:40:21.009 - |INFO| - [mqtt_connector.py] - mqtt_connector - load_handlers - 314 - Number of accepted mapping handlers: 1
2025-06-18 11:40:21.525 - |INFO| - [mqtt_connector.py] - mqtt_connector - _on_connect - 402 - MQTT Connector connected to 34.173.180.125:1883 - successfully.
2025-06-18 11:40:21.528 - |INFO| - [mqtt_connector.py] - mqtt_connector - _on_connect - 480 - Connector "MQTT Connector" subscribe to cpv1/#
2025-06-18 11:40:21.784 - |INFO| - [mqtt_connector.py] - mqtt_connector - _on_subscribe - 523 - (<paho.mqtt.properties.Properties object at 0x000001F4FA9D1540>,)
2025-06-18 11:40:21.784 - |INFO| - [mqtt_connector.py] - mqtt_connector - _on_subscribe - 530 - "MQTT Connector" subscription success to topic cpv1/#, subscription message id = 1
2025-06-18 11:42:01.982 - |INFO| - [mqtt_connector.py] - mqtt_connector - close - 383 - MQTT Connector has been stopped.
2025-06-18 11:42:05.939 - |INFO| - [mqtt_connector.py] - mqtt_connector - load_handlers - 314 - Number of accepted mapping handlers: 1
2025-06-18 11:42:06.460 - |INFO| - [mqtt_connector.py] - mqtt_connector - _on_connect - 402 - MQTT Connector connected to 34.173.180.125:1883 - successfully.
2025-06-18 11:42:06.466 - |INFO| - [mqtt_connector.py] - mqtt_connector - _on_connect - 480 - Connector "MQTT Connector" subscribe to cpv1/#
2025-06-18 11:42:06.725 - |INFO| - [mqtt_connector.py] - mqtt_connector - _on_subscribe - 523 - (<paho.mqtt.properties.Properties object at 0x0000028D22687C70>,)
2025-06-18 11:42:06.725 - |INFO| - [mqtt_connector.py] - mqtt_connector - _on_subscribe - 530 - "MQTT Connector" subscription success to topic cpv1/#, subscription message id = 1
2025-06-18 11:45:14.910 - |INFO| - [mqtt_connector.py] - mqtt_connector - close - 383 - MQTT Connector has been stopped.
2025-06-18 11:45:18.694 - |INFO| - [mqtt_connector.py] - mqtt_connector - load_handlers - 314 - Number of accepted mapping handlers: 1
2025-06-18 11:45:19.214 - |INFO| - [mqtt_connector.py] - mqtt_connector - _on_connect - 402 - MQTT Connector connected to 34.173.180.125:1883 - successfully.
2025-06-18 11:45:19.221 - |INFO| - [mqtt_connector.py] - mqtt_connector - _on_connect - 480 - Connector "MQTT Connector" subscribe to cpv1/#
2025-06-18 11:45:19.479 - |INFO| - [mqtt_connector.py] - mqtt_connector - _on_subscribe - 523 - (<paho.mqtt.properties.Properties object at 0x0000020C21C77C70>,)
2025-06-18 11:45:19.480 - |INFO| - [mqtt_connector.py] - mqtt_connector - _on_subscribe - 530 - "MQTT Connector" subscription success to topic cpv1/#, subscription message id = 1
2025-06-18 11:47:19.056 - |INFO| - [mqtt_connector.py] - mqtt_connector - close - 383 - MQTT Connector has been stopped.
2025-06-18 11:47:24.004 - |INFO| - [mqtt_connector.py] - mqtt_connector - load_handlers - 314 - Number of accepted mapping handlers: 1
2025-06-18 11:47:24.536 - |INFO| - [mqtt_connector.py] - mqtt_connector - _on_connect - 402 - MQTT Connector connected to 34.173.180.125:1883 - successfully.
2025-06-18 11:47:24.542 - |INFO| - [mqtt_connector.py] - mqtt_connector - _on_connect - 480 - Connector "MQTT Connector" subscribe to cpv1/#
2025-06-18 11:47:24.800 - |INFO| - [mqtt_connector.py] - mqtt_connector - _on_subscribe - 523 - (<paho.mqtt.properties.Properties object at 0x000001C414DC1540>,)
2025-06-18 11:47:24.800 - |INFO| - [mqtt_connector.py] - mqtt_connector - _on_subscribe - 530 - "MQTT Connector" subscription success to topic cpv1/#, subscription message id = 1
2025-06-18 11:48:26.375 - |INFO| - [mqtt_connector.py] - mqtt_connector - close - 383 - MQTT Connector has been stopped.
2025-06-18 11:48:26.411 - |INFO| - [mqtt_connector.py] - mqtt_connector - load_handlers - 314 - Number of accepted mapping handlers: 1
2025-06-18 11:48:26.706 - |INFO| - [mqtt_connector.py] - mqtt_connector - close - 383 - MQTT Connector has been stopped.
2025-06-18 11:48:30.584 - |INFO| - [mqtt_connector.py] - mqtt_connector - load_handlers - 314 - Number of accepted mapping handlers: 1
2025-06-18 11:48:31.099 - |INFO| - [mqtt_connector.py] - mqtt_connector - _on_connect - 402 - MQTT Connector connected to 34.173.180.125:1883 - successfully.
2025-06-18 11:48:31.105 - |INFO| - [mqtt_connector.py] - mqtt_connector - _on_connect - 480 - Connector "MQTT Connector" subscribe to cpv1/#
2025-06-18 11:48:31.362 - |INFO| - [mqtt_connector.py] - mqtt_connector - _on_subscribe - 523 - (<paho.mqtt.properties.Properties object at 0x0000024198467C70>,)
2025-06-18 11:48:31.362 - |INFO| - [mqtt_connector.py] - mqtt_connector - _on_subscribe - 530 - "MQTT Connector" subscription success to topic cpv1/#, subscription message id = 1
2025-06-18 11:54:51.809 - |INFO| - [mqtt_connector.py] - mqtt_connector - close - 383 - MQTT Connector has been stopped.
2025-06-18 11:54:58.129 - |INFO| - [mqtt_connector.py] - mqtt_connector - load_handlers - 314 - Number of accepted mapping handlers: 1
2025-06-18 11:54:58.672 - |INFO| - [mqtt_connector.py] - mqtt_connector - _on_connect - 402 - MQTT Connector connected to 34.173.180.125:1883 - successfully.
2025-06-18 11:54:58.680 - |INFO| - [mqtt_connector.py] - mqtt_connector - _on_connect - 480 - Connector "MQTT Connector" subscribe to cpv1/#
2025-06-18 11:54:58.947 - |INFO| - [mqtt_connector.py] - mqtt_connector - _on_subscribe - 523 - (<paho.mqtt.properties.Properties object at 0x000001A83C477C70>,)
2025-06-18 11:54:58.948 - |INFO| - [mqtt_connector.py] - mqtt_connector - _on_subscribe - 530 - "MQTT Connector" subscription success to topic cpv1/#, subscription message id = 1
2025-06-18 11:56:02.135 - |INFO| - [mqtt_connector.py] - mqtt_connector - close - 383 - MQTT Connector has been stopped.
2025-06-18 11:56:06.548 - |INFO| - [mqtt_connector.py] - mqtt_connector - load_handlers - 314 - Number of accepted mapping handlers: 1
2025-06-18 11:56:07.099 - |INFO| - [mqtt_connector.py] - mqtt_connector - _on_connect - 402 - MQTT Connector connected to 34.173.180.125:1883 - successfully.
2025-06-18 11:56:07.106 - |INFO| - [mqtt_connector.py] - mqtt_connector - _on_connect - 480 - Connector "MQTT Connector" subscribe to cpv1/#
2025-06-18 11:56:07.364 - |INFO| - [mqtt_connector.py] - mqtt_connector - _on_subscribe - 523 - (<paho.mqtt.properties.Properties object at 0x000001F4DB217C70>,)
2025-06-18 11:56:07.365 - |INFO| - [mqtt_connector.py] - mqtt_connector - _on_subscribe - 530 - "MQTT Connector" subscription success to topic cpv1/#, subscription message id = 1
2025-06-18 11:56:30.076 - |INFO| - [mqtt_connector.py] - mqtt_connector - close - 383 - MQTT Connector has been stopped.
2025-06-18 11:56:33.920 - |INFO| - [mqtt_connector.py] - mqtt_connector - load_handlers - 314 - Number of accepted mapping handlers: 1
2025-06-18 11:56:34.449 - |INFO| - [mqtt_connector.py] - mqtt_connector - _on_connect - 402 - MQTT Connector connected to 34.173.180.125:1883 - successfully.
2025-06-18 11:56:34.454 - |INFO| - [mqtt_connector.py] - mqtt_connector - _on_connect - 480 - Connector "MQTT Connector" subscribe to cpv1/#
2025-06-18 11:56:34.710 - |INFO| - [mqtt_connector.py] - mqtt_connector - _on_subscribe - 523 - ()
2025-06-18 11:56:34.710 - |INFO| - [mqtt_connector.py] - mqtt_connector - _on_subscribe - 530 - "MQTT Connector" subscription success to topic cpv1/#, subscription message id = 1
2025-06-18 11:57:15.542 - |INFO| - [mqtt_connector.py] - mqtt_connector - close - 383 - MQTT Connector has been stopped.
2025-06-18 11:57:19.177 - |INFO| - [mqtt_connector.py] - mqtt_connector - load_handlers - 314 - Number of accepted mapping handlers: 1
2025-06-18 11:57:19.700 - |INFO| - [mqtt_connector.py] - mqtt_connector - _on_connect - 402 - MQTT Connector connected to 34.173.180.125:1883 - successfully.
2025-06-18 11:57:19.706 - |INFO| - [mqtt_connector.py] - mqtt_connector - _on_connect - 480 - Connector "MQTT Connector" subscribe to cpv1/#
2025-06-18 11:57:19.965 - |INFO| - [mqtt_connector.py] - mqtt_connector - _on_subscribe - 523 - ()
2025-06-18 11:57:19.965 - |INFO| - [mqtt_connector.py] - mqtt_connector - _on_subscribe - 530 - "MQTT Connector" subscription success to topic cpv1/#, subscription message id = 1
2025-06-18 11:58:21.653 - |INFO| - [mqtt_connector.py] - mqtt_connector - close - 383 - MQTT Connector has been stopped.
2025-06-18 11:58:21.702 - |INFO| - [mqtt_connector.py] - mqtt_connector - load_handlers - 314 - Number of accepted mapping handlers: 1
2025-06-18 11:58:22.222 - |INFO| - [mqtt_connector.py] - mqtt_connector - _on_connect - 402 - MQTT Connector connected to 34.173.180.125:1883 - successfully.
2025-06-18 11:58:22.222 - |INFO| - [mqtt_connector.py] - mqtt_connector - _on_connect - 480 - Connector "MQTT Connector" subscribe to cpv1/#
2025-06-18 11:58:22.786 - |INFO| - [mqtt_connector.py] - mqtt_connector - _on_subscribe - 523 - ()
2025-06-18 11:58:22.787 - |INFO| - [mqtt_connector.py] - mqtt_connector - _on_subscribe - 530 - "MQTT Connector" subscription success to topic cpv1/#, subscription message id = 1
2025-06-18 12:35:30.628 - |INFO| - [mqtt_connector.py] - mqtt_connector - _on_connect - 402 - MQTT Connector connected to 34.173.180.125:1883 - successfully.
2025-06-18 12:35:30.629 - |INFO| - [mqtt_connector.py] - mqtt_connector - _on_connect - 480 - Connector "MQTT Connector" subscribe to cpv1/#
2025-06-18 12:35:30.903 - |INFO| - [mqtt_connector.py] - mqtt_connector - _on_subscribe - 523 - ()
2025-06-18 12:35:30.903 - |INFO| - [mqtt_connector.py] - mqtt_connector - _on_subscribe - 530 - "MQTT Connector" subscription success to topic cpv1/#, subscription message id = 2
2025-06-18 12:40:06.450 - |INFO| - [mqtt_connector.py] - mqtt_connector - close - 383 - MQTT Connector has been stopped.
2025-06-18 12:40:10.829 - |INFO| - [mqtt_connector.py] - mqtt_connector - load_handlers - 314 - Number of accepted mapping handlers: 1
2025-06-18 12:40:11.371 - |INFO| - [mqtt_connector.py] - mqtt_connector - _on_connect - 402 - MQTT Connector connected to 34.173.180.125:1883 - successfully.
2025-06-18 12:40:11.374 - |INFO| - [mqtt_connector.py] - mqtt_connector - _on_connect - 480 - Connector "MQTT Connector" subscribe to cpv1/#
2025-06-18 12:40:11.647 - |INFO| - [mqtt_connector.py] - mqtt_connector - _on_subscribe - 523 - ()
2025-06-18 12:40:11.647 - |INFO| - [mqtt_connector.py] - mqtt_connector - _on_subscribe - 530 - "MQTT Connector" subscription success to topic cpv1/#, subscription message id = 1
2025-06-18 12:45:22.665 - |INFO| - [mqtt_connector.py] - mqtt_connector - _on_connect - 402 - MQTT Connector connected to 34.173.180.125:1883 - successfully.
2025-06-18 12:45:22.665 - |INFO| - [mqtt_connector.py] - mqtt_connector - _on_connect - 480 - Connector "MQTT Connector" subscribe to cpv1/#
2025-06-18 12:45:24.452 - |INFO| - [mqtt_connector.py] - mqtt_connector - _on_connect - 402 - MQTT Connector connected to 34.173.180.125:1883 - successfully.
2025-06-18 12:45:24.453 - |INFO| - [mqtt_connector.py] - mqtt_connector - _on_connect - 480 - Connector "MQTT Connector" subscribe to cpv1/#
2025-06-18 12:45:24.706 - |INFO| - [mqtt_connector.py] - mqtt_connector - _on_subscribe - 523 - ()
2025-06-18 12:45:24.707 - |INFO| - [mqtt_connector.py] - mqtt_connector - _on_subscribe - 530 - "MQTT Connector" subscription success to topic cpv1/#, subscription message id = 3
2025-06-18 12:53:08.389 - |INFO| - [mqtt_connector.py] - mqtt_connector - close - 383 - MQTT Connector has been stopped.
2025-06-18 12:53:14.051 - |INFO| - [mqtt_connector.py] - mqtt_connector - load_handlers - 314 - Number of accepted mapping handlers: 1
2025-06-18 12:53:14.569 - |INFO| - [mqtt_connector.py] - mqtt_connector - _on_connect - 402 - MQTT Connector connected to 34.173.180.125:1883 - successfully.
2025-06-18 12:53:14.575 - |INFO| - [mqtt_connector.py] - mqtt_connector - _on_connect - 480 - Connector "MQTT Connector" subscribe to cpv1/#
2025-06-18 12:53:14.833 - |INFO| - [mqtt_connector.py] - mqtt_connector - _on_subscribe - 523 - ()
2025-06-18 12:53:14.833 - |INFO| - [mqtt_connector.py] - mqtt_connector - _on_subscribe - 530 - "MQTT Connector" subscription success to topic cpv1/#, subscription message id = 1
2025-06-18 12:58:10.385 - |INFO| - [mqtt_connector.py] - mqtt_connector - close - 383 - MQTT Connector has been stopped.
2025-06-18 12:58:14.979 - |INFO| - [mqtt_connector.py] - mqtt_connector - load_handlers - 314 - Number of accepted mapping handlers: 1
2025-06-18 12:58:15.489 - |INFO| - [mqtt_connector.py] - mqtt_connector - _on_connect - 402 - MQTT Connector connected to 34.173.180.125:1883 - successfully.
2025-06-18 12:58:15.494 - |INFO| - [mqtt_connector.py] - mqtt_connector - _on_connect - 480 - Connector "MQTT Connector" subscribe to cpv1/#
2025-06-18 12:58:15.756 - |INFO| - [mqtt_connector.py] - mqtt_connector - _on_subscribe - 523 - ()
2025-06-18 12:58:15.757 - |INFO| - [mqtt_connector.py] - mqtt_connector - _on_subscribe - 530 - "MQTT Connector" subscription success to topic cpv1/#, subscription message id = 1
2025-06-18 13:24:04.967 - |INFO| - [mqtt_connector.py] - mqtt_connector - close - 383 - MQTT Connector has been stopped.
2025-06-18 13:24:09.286 - |INFO| - [mqtt_connector.py] - mqtt_connector - load_handlers - 314 - Number of accepted mapping handlers: 1
2025-06-18 13:24:09.797 - |INFO| - [mqtt_connector.py] - mqtt_connector - _on_connect - 402 - MQTT Connector connected to 34.173.180.125:1883 - successfully.
2025-06-18 13:24:09.800 - |INFO| - [mqtt_connector.py] - mqtt_connector - _on_connect - 480 - Connector "MQTT Connector" subscribe to cpv1/#
2025-06-18 13:24:10.056 - |INFO| - [mqtt_connector.py] - mqtt_connector - _on_subscribe - 523 - ()
2025-06-18 13:24:10.056 - |INFO| - [mqtt_connector.py] - mqtt_connector - _on_subscribe - 530 - "MQTT Connector" subscription success to topic cpv1/#, subscription message id = 1
2025-06-18 13:25:02.974 - |INFO| - [mqtt_connector.py] - mqtt_connector - close - 383 - MQTT Connector has been stopped.
2025-06-18 13:25:05.937 - |INFO| - [mqtt_connector.py] - mqtt_connector - load_handlers - 314 - Number of accepted mapping handlers: 1
2025-06-18 13:25:06.558 - |INFO| - [mqtt_connector.py] - mqtt_connector - _on_connect - 402 - MQTT Connector connected to 34.173.180.125:1883 - successfully.
2025-06-18 13:25:06.564 - |INFO| - [mqtt_connector.py] - mqtt_connector - _on_connect - 480 - Connector "MQTT Connector" subscribe to cpv1/#
2025-06-18 13:25:06.841 - |INFO| - [mqtt_connector.py] - mqtt_connector - _on_subscribe - 523 - ()
2025-06-18 13:25:06.841 - |INFO| - [mqtt_connector.py] - mqtt_connector - _on_subscribe - 530 - "MQTT Connector" subscription success to topic cpv1/#, subscription message id = 1
2025-06-18 13:27:54.449 - |INFO| - [mqtt_connector.py] - mqtt_connector - close - 383 - MQTT Connector has been stopped.
2025-06-18 13:27:58.169 - |INFO| - [mqtt_connector.py] - mqtt_connector - load_handlers - 314 - Number of accepted mapping handlers: 1
2025-06-18 13:27:58.689 - |INFO| - [mqtt_connector.py] - mqtt_connector - _on_connect - 402 - MQTT Connector connected to 34.173.180.125:1883 - successfully.
2025-06-18 13:27:58.694 - |INFO| - [mqtt_connector.py] - mqtt_connector - _on_connect - 480 - Connector "MQTT Connector" subscribe to cpv1/#
2025-06-18 13:27:58.957 - |INFO| - [mqtt_connector.py] - mqtt_connector - _on_subscribe - 523 - ()
2025-06-18 13:27:58.957 - |INFO| - [mqtt_connector.py] - mqtt_connector - _on_subscribe - 530 - "MQTT Connector" subscription success to topic cpv1/#, subscription message id = 1
2025-06-18 13:36:29.268 - |INFO| - [mqtt_connector.py] - mqtt_connector - close - 383 - MQTT Connector has been stopped.
2025-06-18 13:36:33.356 - |INFO| - [mqtt_connector.py] - mqtt_connector - load_handlers - 314 - Number of accepted mapping handlers: 1
2025-06-18 13:36:33.867 - |INFO| - [mqtt_connector.py] - mqtt_connector - _on_connect - 402 - MQTT Connector connected to 34.173.180.125:1883 - successfully.
2025-06-18 13:36:33.872 - |INFO| - [mqtt_connector.py] - mqtt_connector - _on_connect - 480 - Connector "MQTT Connector" subscribe to cpv1/#
2025-06-18 13:36:34.128 - |INFO| - [mqtt_connector.py] - mqtt_connector - _on_subscribe - 523 - ()
2025-06-18 13:36:34.128 - |INFO| - [mqtt_connector.py] - mqtt_connector - _on_subscribe - 530 - "MQTT Connector" subscription success to topic cpv1/#, subscription message id = 1
2025-06-18 13:40:38.136 - |INFO| - [mqtt_connector.py] - mqtt_connector - close - 383 - MQTT Connector has been stopped.
2025-06-18 13:40:41.909 - |INFO| - [mqtt_connector.py] - mqtt_connector - load_handlers - 314 - Number of accepted mapping handlers: 1
2025-06-18 13:40:42.432 - |INFO| - [mqtt_connector.py] - mqtt_connector - _on_connect - 402 - MQTT Connector connected to 34.173.180.125:1883 - successfully.
2025-06-18 13:40:42.438 - |INFO| - [mqtt_connector.py] - mqtt_connector - _on_connect - 480 - Connector "MQTT Connector" subscribe to cpv1/#
2025-06-18 13:40:42.691 - |INFO| - [mqtt_connector.py] - mqtt_connector - _on_subscribe - 523 - ()
2025-06-18 13:40:42.692 - |INFO| - [mqtt_connector.py] - mqtt_connector - _on_subscribe - 530 - "MQTT Connector" subscription success to topic cpv1/#, subscription message id = 1
2025-06-18 13:41:06.307 - |INFO| - [mqtt_connector.py] - mqtt_connector - close - 383 - MQTT Connector has been stopped.
2025-06-18 13:41:09.305 - |INFO| - [mqtt_connector.py] - mqtt_connector - load_handlers - 314 - Number of accepted mapping handlers: 1
2025-06-18 13:41:09.835 - |INFO| - [mqtt_connector.py] - mqtt_connector - _on_connect - 402 - MQTT Connector connected to 34.173.180.125:1883 - successfully.
2025-06-18 13:41:09.838 - |INFO| - [mqtt_connector.py] - mqtt_connector - _on_connect - 480 - Connector "MQTT Connector" subscribe to cpv1/#
2025-06-18 13:41:10.094 - |INFO| - [mqtt_connector.py] - mqtt_connector - _on_subscribe - 523 - ()
2025-06-18 13:41:10.094 - |INFO| - [mqtt_connector.py] - mqtt_connector - _on_subscribe - 530 - "MQTT Connector" subscription success to topic cpv1/#, subscription message id = 1
2025-06-18 13:41:42.845 - |INFO| - [mqtt_connector.py] - mqtt_connector - close - 383 - MQTT Connector has been stopped.
2025-06-18 13:41:46.793 - |INFO| - [mqtt_connector.py] - mqtt_connector - load_handlers - 314 - Number of accepted mapping handlers: 1
2025-06-18 13:41:47.302 - |INFO| - [mqtt_connector.py] - mqtt_connector - _on_connect - 402 - MQTT Connector connected to 34.173.180.125:1883 - successfully.
2025-06-18 13:41:47.308 - |INFO| - [mqtt_connector.py] - mqtt_connector - _on_connect - 480 - Connector "MQTT Connector" subscribe to cpv1/#
2025-06-18 13:41:47.562 - |INFO| - [mqtt_connector.py] - mqtt_connector - _on_subscribe - 523 - ()
2025-06-18 13:41:47.563 - |INFO| - [mqtt_connector.py] - mqtt_connector - _on_subscribe - 530 - "MQTT Connector" subscription success to topic cpv1/#, subscription message id = 1
2025-06-18 13:42:07.150 - |INFO| - [mqtt_connector.py] - mqtt_connector - close - 383 - MQTT Connector has been stopped.
2025-06-18 13:42:10.603 - |INFO| - [mqtt_connector.py] - mqtt_connector - load_handlers - 314 - Number of accepted mapping handlers: 1
2025-06-18 13:42:11.113 - |INFO| - [mqtt_connector.py] - mqtt_connector - _on_connect - 402 - MQTT Connector connected to 34.173.180.125:1883 - successfully.
2025-06-18 13:42:11.121 - |INFO| - [mqtt_connector.py] - mqtt_connector - _on_connect - 480 - Connector "MQTT Connector" subscribe to cpv1/#
2025-06-18 13:42:11.375 - |INFO| - [mqtt_connector.py] - mqtt_connector - _on_subscribe - 523 - ()
2025-06-18 13:42:11.375 - |INFO| - [mqtt_connector.py] - mqtt_connector - _on_subscribe - 530 - "MQTT Connector" subscription success to topic cpv1/#, subscription message id = 1
2025-06-18 15:19:48.615 - |INFO| - [mqtt_connector.py] - mqtt_connector - close - 383 - MQTT Connector has been stopped.
2025-06-18 15:19:53.893 - |INFO| - [mqtt_connector.py] - mqtt_connector - load_handlers - 314 - Number of accepted mapping handlers: 1
2025-06-18 15:19:54.417 - |INFO| - [mqtt_connector.py] - mqtt_connector - _on_connect - 402 - MQTT Connector connected to 34.173.180.125:1883 - successfully.
2025-06-18 15:19:54.421 - |INFO| - [mqtt_connector.py] - mqtt_connector - _on_connect - 480 - Connector "MQTT Connector" subscribe to cpv1/#
2025-06-18 15:19:54.675 - |INFO| - [mqtt_connector.py] - mqtt_connector - _on_subscribe - 523 - ()
2025-06-18 15:19:54.675 - |INFO| - [mqtt_connector.py] - mqtt_connector - _on_subscribe - 530 - "MQTT Connector" subscription success to topic cpv1/#, subscription message id = 1
2025-06-18 15:26:31.234 - |INFO| - [mqtt_connector.py] - mqtt_connector - close - 383 - MQTT Connector has been stopped.
2025-06-18 15:26:35.781 - |INFO| - [mqtt_connector.py] - mqtt_connector - load_handlers - 314 - Number of accepted mapping handlers: 1
2025-06-18 15:26:36.294 - |INFO| - [mqtt_connector.py] - mqtt_connector - _on_connect - 402 - MQTT Connector connected to 34.173.180.125:1883 - successfully.
2025-06-18 15:26:36.299 - |INFO| - [mqtt_connector.py] - mqtt_connector - _on_connect - 480 - Connector "MQTT Connector" subscribe to cpv1/#
2025-06-18 15:26:36.556 - |INFO| - [mqtt_connector.py] - mqtt_connector - _on_subscribe - 523 - ()
2025-06-18 15:26:36.556 - |INFO| - [mqtt_connector.py] - mqtt_connector - _on_subscribe - 530 - "MQTT Connector" subscription success to topic cpv1/#, subscription message id = 1
2025-06-18 15:32:58.565 - |INFO| - [mqtt_connector.py] - mqtt_connector - close - 383 - MQTT Connector has been stopped.
2025-06-18 15:33:01.540 - |INFO| - [mqtt_connector.py] - mqtt_connector - load_handlers - 314 - Number of accepted mapping handlers: 1
2025-06-18 15:33:02.064 - |INFO| - [mqtt_connector.py] - mqtt_connector - _on_connect - 402 - MQTT Connector connected to 34.173.180.125:1883 - successfully.
2025-06-18 15:33:02.070 - |INFO| - [mqtt_connector.py] - mqtt_connector - _on_connect - 480 - Connector "MQTT Connector" subscribe to cpv1/#
2025-06-18 15:33:02.327 - |INFO| - [mqtt_connector.py] - mqtt_connector - _on_subscribe - 523 - ()
2025-06-18 15:33:02.328 - |INFO| - [mqtt_connector.py] - mqtt_connector - _on_subscribe - 530 - "MQTT Connector" subscription success to topic cpv1/#, subscription message id = 1
2025-06-18 15:34:30.449 - |INFO| - [mqtt_connector.py] - mqtt_connector - close - 383 - MQTT Connector has been stopped.
2025-06-18 15:34:33.375 - |INFO| - [mqtt_connector.py] - mqtt_connector - load_handlers - 314 - Number of accepted mapping handlers: 1
2025-06-18 15:34:33.914 - |INFO| - [mqtt_connector.py] - mqtt_connector - _on_connect - 402 - MQTT Connector connected to 34.173.180.125:1883 - successfully.
2025-06-18 15:34:33.917 - |INFO| - [mqtt_connector.py] - mqtt_connector - _on_connect - 480 - Connector "MQTT Connector" subscribe to cpv1/#
2025-06-18 15:34:34.170 - |INFO| - [mqtt_connector.py] - mqtt_connector - _on_subscribe - 523 - ()
2025-06-18 15:34:34.170 - |INFO| - [mqtt_connector.py] - mqtt_connector - _on_subscribe - 530 - "MQTT Connector" subscription success to topic cpv1/#, subscription message id = 1
2025-06-18 15:36:13.200 - |INFO| - [mqtt_connector.py] - mqtt_connector - close - 383 - MQTT Connector has been stopped.
2025-06-18 15:36:15.980 - |INFO| - [mqtt_connector.py] - mqtt_connector - load_handlers - 314 - Number of accepted mapping handlers: 1
2025-06-18 15:36:16.490 - |INFO| - [mqtt_connector.py] - mqtt_connector - _on_connect - 402 - MQTT Connector connected to 34.173.180.125:1883 - successfully.
2025-06-18 15:36:16.493 - |INFO| - [mqtt_connector.py] - mqtt_connector - _on_connect - 480 - Connector "MQTT Connector" subscribe to cpv1/#
2025-06-18 15:36:16.749 - |INFO| - [mqtt_connector.py] - mqtt_connector - _on_subscribe - 523 - ()
2025-06-18 15:36:16.750 - |INFO| - [mqtt_connector.py] - mqtt_connector - _on_subscribe - 530 - "MQTT Connector" subscription success to topic cpv1/#, subscription message id = 1
2025-06-18 15:36:52.369 - |INFO| - [mqtt_connector.py] - mqtt_connector - close - 383 - MQTT Connector has been stopped.
2025-06-18 15:36:55.160 - |INFO| - [mqtt_connector.py] - mqtt_connector - load_handlers - 314 - Number of accepted mapping handlers: 1
2025-06-18 15:36:55.669 - |INFO| - [mqtt_connector.py] - mqtt_connector - _on_connect - 402 - MQTT Connector connected to 34.173.180.125:1883 - successfully.
2025-06-18 15:36:55.673 - |INFO| - [mqtt_connector.py] - mqtt_connector - _on_connect - 480 - Connector "MQTT Connector" subscribe to cpv1/#
2025-06-18 15:36:55.929 - |INFO| - [mqtt_connector.py] - mqtt_connector - _on_subscribe - 523 - ()
2025-06-18 15:36:55.929 - |INFO| - [mqtt_connector.py] - mqtt_connector - _on_subscribe - 530 - "MQTT Connector" subscription success to topic cpv1/#, subscription message id = 1
2025-06-18 15:47:41.398 - |INFO| - [mqtt_connector.py] - mqtt_connector - close - 383 - MQTT Connector has been stopped.
2025-06-18 15:47:45.774 - |INFO| - [mqtt_connector.py] - mqtt_connector - load_handlers - 314 - Number of accepted mapping handlers: 1
2025-06-18 15:47:46.358 - |INFO| - [mqtt_connector.py] - mqtt_connector - _on_connect - 402 - MQTT Connector connected to 34.173.180.125:1883 - successfully.
2025-06-18 15:47:46.359 - |ERROR| - [mqtt_connector.py] - mqtt_connector - _on_connect - 430 - Converter type or extension class should be configured!
2025-06-18 15:48:50.854 - |INFO| - [mqtt_connector.py] - mqtt_connector - close - 383 - MQTT Connector has been stopped.
2025-06-18 15:48:56.149 - |INFO| - [mqtt_connector.py] - mqtt_connector - load_handlers - 314 - Number of accepted mapping handlers: 1
2025-06-18 15:48:56.756 - |INFO| - [mqtt_connector.py] - mqtt_connector - _on_connect - 402 - MQTT Connector connected to 34.173.180.125:1883 - successfully.
2025-06-18 15:48:56.756 - |ERROR| - [mqtt_connector.py] - mqtt_connector - _on_connect - 430 - Converter type or extension class should be configured!
2025-06-18 15:49:25.965 - |INFO| - [mqtt_connector.py] - mqtt_connector - close - 383 - MQTT Connector has been stopped.
2025-06-18 15:49:29.632 - |INFO| - [mqtt_connector.py] - mqtt_connector - load_handlers - 314 - Number of accepted mapping handlers: 1
2025-06-18 15:49:30.191 - |INFO| - [mqtt_connector.py] - mqtt_connector - _on_connect - 402 - MQTT Connector connected to 34.173.180.125:1883 - successfully.
2025-06-18 15:49:30.192 - |ERROR| - [mqtt_connector.py] - mqtt_connector - _on_connect - 430 - Converter type or extension class should be configured!
2025-06-18 15:51:32.461 - |INFO| - [mqtt_connector.py] - mqtt_connector - close - 383 - MQTT Connector has been stopped.
2025-06-18 15:51:32.479 - |INFO| - [mqtt_connector.py] - mqtt_connector - load_handlers - 314 - Number of accepted mapping handlers: 1
2025-06-18 15:51:32.995 - |INFO| - [mqtt_connector.py] - mqtt_connector - _on_connect - 402 - MQTT Connector connected to 34.173.180.125:1883 - successfully.
2025-06-18 15:51:32.996 - |ERROR| - [mqtt_connector.py] - mqtt_connector - _on_connect - 430 - Converter type or extension class should be configured!
2025-06-18 15:51:41.182 - |INFO| - [mqtt_connector.py] - mqtt_connector - close - 383 - MQTT Connector has been stopped.
2025-06-18 15:51:49.546 - |INFO| - [mqtt_connector.py] - mqtt_connector - load_handlers - 314 - Number of accepted mapping handlers: 1
2025-06-18 15:51:50.070 - |INFO| - [mqtt_connector.py] - mqtt_connector - _on_connect - 402 - MQTT Connector connected to 34.173.180.125:1883 - successfully.
2025-06-18 15:51:50.070 - |ERROR| - [mqtt_connector.py] - mqtt_connector - _on_connect - 430 - Converter type or extension class should be configured!
2025-06-18 15:51:56.937 - |INFO| - [mqtt_connector.py] - mqtt_connector - close - 383 - MQTT Connector has been stopped.
2025-06-18 15:52:00.791 - |INFO| - [mqtt_connector.py] - mqtt_connector - load_handlers - 314 - Number of accepted mapping handlers: 1
2025-06-18 15:52:01.308 - |INFO| - [mqtt_connector.py] - mqtt_connector - _on_connect - 402 - MQTT Connector connected to 34.173.180.125:1883 - successfully.
2025-06-18 15:52:01.318 - |INFO| - [mqtt_connector.py] - mqtt_connector - _on_connect - 480 - Connector "MQTT Connector" subscribe to cpv1/#
2025-06-18 15:52:01.573 - |INFO| - [mqtt_connector.py] - mqtt_connector - _on_subscribe - 523 - ()
2025-06-18 15:52:01.573 - |INFO| - [mqtt_connector.py] - mqtt_connector - _on_subscribe - 530 - "MQTT Connector" subscription success to topic cpv1/#, subscription message id = 1
2025-06-18 15:52:27.534 - |INFO| - [mqtt_connector.py] - mqtt_connector - close - 383 - MQTT Connector has been stopped.
2025-06-18 15:52:30.999 - |INFO| - [mqtt_connector.py] - mqtt_connector - load_handlers - 314 - Number of accepted mapping handlers: 1
2025-06-18 15:52:31.682 - |INFO| - [mqtt_connector.py] - mqtt_connector - _on_connect - 402 - MQTT Connector connected to 34.173.180.125:1883 - successfully.
2025-06-18 15:52:31.685 - |INFO| - [mqtt_connector.py] - mqtt_connector - _on_connect - 480 - Connector "MQTT Connector" subscribe to cpv1/#
2025-06-18 15:52:31.939 - |INFO| - [mqtt_connector.py] - mqtt_connector - _on_subscribe - 523 - ()
2025-06-18 15:52:31.939 - |INFO| - [mqtt_connector.py] - mqtt_connector - _on_subscribe - 530 - "MQTT Connector" subscription success to topic cpv1/#, subscription message id = 1
2025-06-18 15:52:49.752 - |INFO| - [mqtt_connector.py] - mqtt_connector - close - 383 - MQTT Connector has been stopped.
2025-06-18 15:52:54.700 - |INFO| - [mqtt_connector.py] - mqtt_connector - load_handlers - 314 - Number of accepted mapping handlers: 1
2025-06-18 15:52:55.355 - |INFO| - [mqtt_connector.py] - mqtt_connector - _on_connect - 402 - MQTT Connector connected to 34.173.180.125:1883 - successfully.
2025-06-18 15:52:55.362 - |INFO| - [mqtt_connector.py] - mqtt_connector - _on_connect - 480 - Connector "MQTT Connector" subscribe to cpv1/#
2025-06-18 15:52:55.660 - |INFO| - [mqtt_connector.py] - mqtt_connector - _on_subscribe - 523 - ()
2025-06-18 15:52:55.661 - |INFO| - [mqtt_connector.py] - mqtt_connector - _on_subscribe - 530 - "MQTT Connector" subscription success to topic cpv1/#, subscription message id = 1
2025-06-18 16:00:41.212 - |INFO| - [mqtt_connector.py] - mqtt_connector - close - 383 - MQTT Connector has been stopped.
2025-06-18 16:00:45.106 - |INFO| - [mqtt_connector.py] - mqtt_connector - load_handlers - 314 - Number of accepted mapping handlers: 1
2025-06-18 16:00:45.616 - |INFO| - [mqtt_connector.py] - mqtt_connector - _on_connect - 402 - MQTT Connector connected to 34.173.180.125:1883 - successfully.
2025-06-18 16:00:45.622 - |INFO| - [mqtt_connector.py] - mqtt_connector - _on_connect - 480 - Connector "MQTT Connector" subscribe to cpv1/#
2025-06-18 16:00:45.877 - |INFO| - [mqtt_connector.py] - mqtt_connector - _on_subscribe - 523 - ()
2025-06-18 16:00:45.877 - |INFO| - [mqtt_connector.py] - mqtt_connector - _on_subscribe - 530 - "MQTT Connector" subscription success to topic cpv1/#, subscription message id = 1
2025-06-18 16:01:40.025 - |INFO| - [mqtt_connector.py] - mqtt_connector - close - 383 - MQTT Connector has been stopped.
2025-06-18 16:01:43.549 - |INFO| - [mqtt_connector.py] - mqtt_connector - load_handlers - 314 - Number of accepted mapping handlers: 1
2025-06-18 16:01:44.154 - |INFO| - [mqtt_connector.py] - mqtt_connector - _on_connect - 402 - MQTT Connector connected to 34.173.180.125:1883 - successfully.
2025-06-18 16:01:44.162 - |INFO| - [mqtt_connector.py] - mqtt_connector - _on_connect - 480 - Connector "MQTT Connector" subscribe to cpv1/#
2025-06-18 16:01:44.460 - |INFO| - [mqtt_connector.py] - mqtt_connector - _on_subscribe - 523 - ()
2025-06-18 16:01:44.460 - |INFO| - [mqtt_connector.py] - mqtt_connector - _on_subscribe - 530 - "MQTT Connector" subscription success to topic cpv1/#, subscription message id = 1
2025-06-18 16:02:38.469 - |INFO| - [mqtt_connector.py] - mqtt_connector - close - 383 - MQTT Connector has been stopped.
2025-06-18 16:02:41.804 - |INFO| - [mqtt_connector.py] - mqtt_connector - load_handlers - 314 - Number of accepted mapping handlers: 1
2025-06-18 16:02:42.361 - |INFO| - [mqtt_connector.py] - mqtt_connector - _on_connect - 402 - MQTT Connector connected to 34.173.180.125:1883 - successfully.
2025-06-18 16:02:42.366 - |INFO| - [mqtt_connector.py] - mqtt_connector - _on_connect - 480 - Connector "MQTT Connector" subscribe to cpv1/#
2025-06-18 16:02:42.623 - |INFO| - [mqtt_connector.py] - mqtt_connector - _on_subscribe - 523 - ()
2025-06-18 16:02:42.624 - |INFO| - [mqtt_connector.py] - mqtt_connector - _on_subscribe - 530 - "MQTT Connector" subscription success to topic cpv1/#, subscription message id = 1
2025-06-18 16:03:08.416 - |INFO| - [mqtt_connector.py] - mqtt_connector - close - 383 - MQTT Connector has been stopped.
2025-06-18 16:03:13.038 - |INFO| - [mqtt_connector.py] - mqtt_connector - load_handlers - 314 - Number of accepted mapping handlers: 1
2025-06-18 16:03:13.656 - |INFO| - [mqtt_connector.py] - mqtt_connector - _on_connect - 402 - MQTT Connector connected to 34.173.180.125:1883 - successfully.
2025-06-18 16:03:13.664 - |INFO| - [mqtt_connector.py] - mqtt_connector - _on_connect - 480 - Connector "MQTT Connector" subscribe to cpv1/#
2025-06-18 16:03:13.962 - |INFO| - [mqtt_connector.py] - mqtt_connector - _on_subscribe - 523 - ()
2025-06-18 16:03:13.962 - |INFO| - [mqtt_connector.py] - mqtt_connector - _on_subscribe - 530 - "MQTT Connector" subscription success to topic cpv1/#, subscription message id = 1
2025-06-18 16:06:30.545 - |INFO| - [mqtt_connector.py] - mqtt_connector - close - 383 - MQTT Connector has been stopped.
2025-06-18 16:06:34.755 - |INFO| - [mqtt_connector.py] - mqtt_connector - load_handlers - 314 - Number of accepted mapping handlers: 1
2025-06-18 16:06:35.286 - |INFO| - [mqtt_connector.py] - mqtt_connector - _on_connect - 402 - MQTT Connector connected to 34.173.180.125:1883 - successfully.
2025-06-18 16:06:35.290 - |INFO| - [mqtt_connector.py] - mqtt_connector - _on_connect - 480 - Connector "MQTT Connector" subscribe to cpv1/#
2025-06-18 16:06:35.589 - |INFO| - [mqtt_connector.py] - mqtt_connector - _on_subscribe - 523 - ()
2025-06-18 16:06:35.590 - |INFO| - [mqtt_connector.py] - mqtt_connector - _on_subscribe - 530 - "MQTT Connector" subscription success to topic cpv1/#, subscription message id = 1
2025-06-18 17:43:16.378 - |ERROR| - [tb_logger.py] - tb_logger - exception - 182 - Error while connecting to broker MQTT Connector: [WinError 10051] A socket operation was attempted to an unreachable network
Traceback (most recent call last):
  File "C:\Users\kershan.govender\Documents\GitHub_Projects\pele-thingsboard-gateway\thingsboard_gateway\connectors\mqtt\mqtt_connector.py", line 355, in __connect
    self._client.connect(self.__broker['host'], self.__broker.get('port', 1883))
  File "C:\Users\kershan.govender\Documents\Python Projects\Virtual_Environments\pele-thingsboard-gateway\lib\site-packages\paho\mqtt\client.py", line 1435, in connect
    return self.reconnect()
  File "C:\Users\kershan.govender\Documents\Python Projects\Virtual_Environments\pele-thingsboard-gateway\lib\site-packages\paho\mqtt\client.py", line 1598, in reconnect
    self._sock = self._create_socket()
  File "C:\Users\kershan.govender\Documents\Python Projects\Virtual_Environments\pele-thingsboard-gateway\lib\site-packages\paho\mqtt\client.py", line 4614, in _create_socket
    sock = self._create_socket_connection()
  File "C:\Users\kershan.govender\Documents\Python Projects\Virtual_Environments\pele-thingsboard-gateway\lib\site-packages\paho\mqtt\client.py", line 4645, in _create_socket_connection
    return socket.create_connection(addr, timeout=self._connect_timeout, source_address=source)
  File "C:\Program Files\WindowsApps\PythonSoftwareFoundation.Python.3.10_3.10.3056.0_x64__qbz5n2kfra8p0\lib\socket.py", line 845, in create_connection
    raise err
  File "C:\Program Files\WindowsApps\PythonSoftwareFoundation.Python.3.10_3.10.3056.0_x64__qbz5n2kfra8p0\lib\socket.py", line 833, in create_connection
    sock.connect(sa)
OSError: [WinError 10051] A socket operation was attempted to an unreachable network
2025-06-19 00:07:06.082 - |INFO| - [mqtt_connector.py] - mqtt_connector - _on_connect - 402 - MQTT Connector connected to 34.173.180.125:1883 - successfully.
2025-06-19 00:07:06.082 - |INFO| - [mqtt_connector.py] - mqtt_connector - _on_connect - 480 - Connector "MQTT Connector" subscribe to cpv1/#
2025-06-19 00:07:06.340 - |INFO| - [mqtt_connector.py] - mqtt_connector - _on_subscribe - 523 - ()
2025-06-19 00:07:06.340 - |INFO| - [mqtt_connector.py] - mqtt_connector - _on_subscribe - 530 - "MQTT Connector" subscription success to topic cpv1/#, subscription message id = 2
2025-06-19 08:26:31.195 - |ERROR| - [tb_logger.py] - tb_logger - exception - 182 - Error while connecting to broker MQTT Connector: [WinError 10065] A socket operation was attempted to an unreachable host
Traceback (most recent call last):
  File "C:\Users\kershan.govender\Documents\GitHub_Projects\pele-thingsboard-gateway\thingsboard_gateway\connectors\mqtt\mqtt_connector.py", line 355, in __connect
    self._client.connect(self.__broker['host'], self.__broker.get('port', 1883))
  File "C:\Users\kershan.govender\Documents\Python Projects\Virtual_Environments\pele-thingsboard-gateway\lib\site-packages\paho\mqtt\client.py", line 1435, in connect
    return self.reconnect()
  File "C:\Users\kershan.govender\Documents\Python Projects\Virtual_Environments\pele-thingsboard-gateway\lib\site-packages\paho\mqtt\client.py", line 1598, in reconnect
    self._sock = self._create_socket()
  File "C:\Users\kershan.govender\Documents\Python Projects\Virtual_Environments\pele-thingsboard-gateway\lib\site-packages\paho\mqtt\client.py", line 4614, in _create_socket
    sock = self._create_socket_connection()
  File "C:\Users\kershan.govender\Documents\Python Projects\Virtual_Environments\pele-thingsboard-gateway\lib\site-packages\paho\mqtt\client.py", line 4645, in _create_socket_connection
    return socket.create_connection(addr, timeout=self._connect_timeout, source_address=source)
  File "C:\Program Files\WindowsApps\PythonSoftwareFoundation.Python.3.10_3.10.3056.0_x64__qbz5n2kfra8p0\lib\socket.py", line 845, in create_connection
    raise err
  File "C:\Program Files\WindowsApps\PythonSoftwareFoundation.Python.3.10_3.10.3056.0_x64__qbz5n2kfra8p0\lib\socket.py", line 833, in create_connection
    sock.connect(sa)
OSError: [WinError 10065] A socket operation was attempted to an unreachable host
2025-06-19 08:26:38.897 - |INFO| - [mqtt_connector.py] - mqtt_connector - _on_connect - 402 - MQTT Connector connected to 34.173.180.125:1883 - successfully.
2025-06-19 08:26:38.897 - |INFO| - [mqtt_connector.py] - mqtt_connector - _on_connect - 480 - Connector "MQTT Connector" subscribe to cpv1/#
2025-06-19 08:26:39.142 - |INFO| - [mqtt_connector.py] - mqtt_connector - _on_subscribe - 523 - ()
2025-06-19 08:26:39.142 - |INFO| - [mqtt_connector.py] - mqtt_connector - _on_subscribe - 530 - "MQTT Connector" subscription success to topic cpv1/#, subscription message id = 3
2025-06-19 09:06:09.885 - |ERROR| - [tb_logger.py] - tb_logger - exception - 182 - Error while connecting to broker MQTT Connector: [WinError 10051] A socket operation was attempted to an unreachable network
Traceback (most recent call last):
  File "C:\Users\kershan.govender\Documents\GitHub_Projects\pele-thingsboard-gateway\thingsboard_gateway\connectors\mqtt\mqtt_connector.py", line 355, in __connect
    self._client.connect(self.__broker['host'], self.__broker.get('port', 1883))
  File "C:\Users\kershan.govender\Documents\Python Projects\Virtual_Environments\pele-thingsboard-gateway\lib\site-packages\paho\mqtt\client.py", line 1435, in connect
    return self.reconnect()
  File "C:\Users\kershan.govender\Documents\Python Projects\Virtual_Environments\pele-thingsboard-gateway\lib\site-packages\paho\mqtt\client.py", line 1598, in reconnect
    self._sock = self._create_socket()
  File "C:\Users\kershan.govender\Documents\Python Projects\Virtual_Environments\pele-thingsboard-gateway\lib\site-packages\paho\mqtt\client.py", line 4614, in _create_socket
    sock = self._create_socket_connection()
  File "C:\Users\kershan.govender\Documents\Python Projects\Virtual_Environments\pele-thingsboard-gateway\lib\site-packages\paho\mqtt\client.py", line 4645, in _create_socket_connection
    return socket.create_connection(addr, timeout=self._connect_timeout, source_address=source)
  File "C:\Program Files\WindowsApps\PythonSoftwareFoundation.Python.3.10_3.10.3056.0_x64__qbz5n2kfra8p0\lib\socket.py", line 845, in create_connection
    raise err
  File "C:\Program Files\WindowsApps\PythonSoftwareFoundation.Python.3.10_3.10.3056.0_x64__qbz5n2kfra8p0\lib\socket.py", line 833, in create_connection
    sock.connect(sa)
OSError: [WinError 10051] A socket operation was attempted to an unreachable network
2025-06-19 09:06:14.024 - |INFO| - [mqtt_connector.py] - mqtt_connector - _on_connect - 402 - MQTT Connector connected to 34.173.180.125:1883 - successfully.
2025-06-19 09:06:14.024 - |INFO| - [mqtt_connector.py] - mqtt_connector - _on_connect - 480 - Connector "MQTT Connector" subscribe to cpv1/#
2025-06-19 09:06:14.310 - |INFO| - [mqtt_connector.py] - mqtt_connector - _on_subscribe - 523 - ()
2025-06-19 09:06:14.310 - |INFO| - [mqtt_connector.py] - mqtt_connector - _on_subscribe - 530 - "MQTT Connector" subscription success to topic cpv1/#, subscription message id = 4
2025-06-19 09:13:28.038 - |INFO| - [mqtt_connector.py] - mqtt_connector - close - 383 - MQTT Connector has been stopped.
2025-06-20 12:37:47.800 - |INFO| - [mqtt_connector.py] - mqtt_connector - load_handlers - 314 - Number of accepted mapping handlers: 1
2025-06-20 12:37:48.310 - |INFO| - [mqtt_connector.py] - mqtt_connector - _on_connect - 402 - MQTT Connector connected to 34.173.180.125:1883 - successfully.
2025-06-20 12:37:48.327 - |INFO| - [mqtt_connector.py] - mqtt_connector - _on_connect - 480 - Connector "MQTT Connector" subscribe to cpv1/#
2025-06-20 12:37:48.571 - |INFO| - [mqtt_connector.py] - mqtt_connector - _on_subscribe - 523 - ()
2025-06-20 12:37:48.571 - |INFO| - [mqtt_connector.py] - mqtt_connector - _on_subscribe - 530 - "MQTT Connector" subscription success to topic cpv1/#, subscription message id = 1
2025-06-20 12:38:02.122 - |INFO| - [mqtt_connector.py] - mqtt_connector - close - 383 - MQTT Connector has been stopped.
2025-06-20 12:40:10.757 - |INFO| - [mqtt_connector.py] - mqtt_connector - load_handlers - 314 - Number of accepted mapping handlers: 1
2025-06-20 12:40:11.251 - |INFO| - [mqtt_connector.py] - mqtt_connector - _on_connect - 402 - MQTT Connector connected to 34.173.180.125:1883 - successfully.
2025-06-20 12:40:11.255 - |INFO| - [mqtt_connector.py] - mqtt_connector - _on_connect - 480 - Connector "MQTT Connector" subscribe to cpv1/#
2025-06-20 12:40:11.497 - |INFO| - [mqtt_connector.py] - mqtt_connector - _on_subscribe - 523 - ()
2025-06-20 12:40:11.498 - |INFO| - [mqtt_connector.py] - mqtt_connector - _on_subscribe - 530 - "MQTT Connector" subscription success to topic cpv1/#, subscription message id = 1
2025-06-20 12:41:19.520 - |INFO| - [mqtt_connector.py] - mqtt_connector - _on_connect - 402 - MQTT Connector connected to 34.173.180.125:1883 - successfully.
2025-06-20 12:41:19.520 - |INFO| - [mqtt_connector.py] - mqtt_connector - _on_connect - 480 - Connector "MQTT Connector" subscribe to cpv1/#
2025-06-20 12:41:21.304 - |INFO| - [mqtt_connector.py] - mqtt_connector - _on_connect - 402 - MQTT Connector connected to 34.173.180.125:1883 - successfully.
2025-06-20 12:41:21.305 - |INFO| - [mqtt_connector.py] - mqtt_connector - _on_connect - 480 - Connector "MQTT Connector" subscribe to cpv1/#
2025-06-20 12:41:21.560 - |INFO| - [mqtt_connector.py] - mqtt_connector - _on_subscribe - 523 - ()
2025-06-20 12:41:21.561 - |INFO| - [mqtt_connector.py] - mqtt_connector - _on_subscribe - 530 - "MQTT Connector" subscription success to topic cpv1/#, subscription message id = 3
2025-06-20 15:05:46.721 - |ERROR| - [tb_logger.py] - tb_logger - exception - 182 - Error while connecting to broker MQTT Connector: [WinError 10051] A socket operation was attempted to an unreachable network
Traceback (most recent call last):
  File "C:\Users\kershan.govender\Documents\GitHub_Projects\pele-thingsboard-gateway\thingsboard_gateway\connectors\mqtt\mqtt_connector.py", line 355, in __connect
    self._client.connect(self.__broker['host'], self.__broker.get('port', 1883))
  File "C:\Users\kershan.govender\Documents\Python Projects\Virtual_Environments\pele-thingsboard-gateway\venv\lib\site-packages\paho\mqtt\client.py", line 1435, in connect
    return self.reconnect()
  File "C:\Users\kershan.govender\Documents\Python Projects\Virtual_Environments\pele-thingsboard-gateway\venv\lib\site-packages\paho\mqtt\client.py", line 1598, in reconnect
    self._sock = self._create_socket()
  File "C:\Users\kershan.govender\Documents\Python Projects\Virtual_Environments\pele-thingsboard-gateway\venv\lib\site-packages\paho\mqtt\client.py", line 4614, in _create_socket
    sock = self._create_socket_connection()
  File "C:\Users\kershan.govender\Documents\Python Projects\Virtual_Environments\pele-thingsboard-gateway\venv\lib\site-packages\paho\mqtt\client.py", line 4645, in _create_socket_connection
    return socket.create_connection(addr, timeout=self._connect_timeout, source_address=source)
  File "C:\Program Files\WindowsApps\PythonSoftwareFoundation.Python.3.10_3.10.3056.0_x64__qbz5n2kfra8p0\lib\socket.py", line 845, in create_connection
    raise err
  File "C:\Program Files\WindowsApps\PythonSoftwareFoundation.Python.3.10_3.10.3056.0_x64__qbz5n2kfra8p0\lib\socket.py", line 833, in create_connection
    sock.connect(sa)
OSError: [WinError 10051] A socket operation was attempted to an unreachable network
2025-06-20 15:21:07.701 - |INFO| - [mqtt_connector.py] - mqtt_connector - _on_connect - 402 - MQTT Connector connected to 34.173.180.125:1883 - successfully.
2025-06-20 15:21:07.701 - |INFO| - [mqtt_connector.py] - mqtt_connector - _on_connect - 480 - Connector "MQTT Connector" subscribe to cpv1/#
2025-06-20 15:21:09.640 - |INFO| - [mqtt_connector.py] - mqtt_connector - _on_connect - 402 - MQTT Connector connected to 34.173.180.125:1883 - successfully.
2025-06-20 15:21:09.640 - |INFO| - [mqtt_connector.py] - mqtt_connector - _on_connect - 480 - Connector "MQTT Connector" subscribe to cpv1/#
2025-06-20 15:21:09.901 - |INFO| - [mqtt_connector.py] - mqtt_connector - _on_subscribe - 523 - ()
2025-06-20 15:21:09.901 - |INFO| - [mqtt_connector.py] - mqtt_connector - _on_subscribe - 530 - "MQTT Connector" subscription success to topic cpv1/#, subscription message id = 5
2025-06-20 17:54:21.065 - |ERROR| - [tb_logger.py] - tb_logger - exception - 182 - Error while connecting to broker MQTT Connector: [WinError 10051] A socket operation was attempted to an unreachable network
Traceback (most recent call last):
  File "C:\Users\kershan.govender\Documents\GitHub_Projects\pele-thingsboard-gateway\thingsboard_gateway\connectors\mqtt\mqtt_connector.py", line 355, in __connect
    self._client.connect(self.__broker['host'], self.__broker.get('port', 1883))
  File "C:\Users\kershan.govender\Documents\Python Projects\Virtual_Environments\pele-thingsboard-gateway\venv\lib\site-packages\paho\mqtt\client.py", line 1435, in connect
    return self.reconnect()
  File "C:\Users\kershan.govender\Documents\Python Projects\Virtual_Environments\pele-thingsboard-gateway\venv\lib\site-packages\paho\mqtt\client.py", line 1598, in reconnect
    self._sock = self._create_socket()
  File "C:\Users\kershan.govender\Documents\Python Projects\Virtual_Environments\pele-thingsboard-gateway\venv\lib\site-packages\paho\mqtt\client.py", line 4614, in _create_socket
    sock = self._create_socket_connection()
  File "C:\Users\kershan.govender\Documents\Python Projects\Virtual_Environments\pele-thingsboard-gateway\venv\lib\site-packages\paho\mqtt\client.py", line 4645, in _create_socket_connection
    return socket.create_connection(addr, timeout=self._connect_timeout, source_address=source)
  File "C:\Program Files\WindowsApps\PythonSoftwareFoundation.Python.3.10_3.10.3056.0_x64__qbz5n2kfra8p0\lib\socket.py", line 845, in create_connection
    raise err
  File "C:\Program Files\WindowsApps\PythonSoftwareFoundation.Python.3.10_3.10.3056.0_x64__qbz5n2kfra8p0\lib\socket.py", line 833, in create_connection
    sock.connect(sa)
OSError: [WinError 10051] A socket operation was attempted to an unreachable network
2025-06-21 00:07:18.223 - |INFO| - [mqtt_connector.py] - mqtt_connector - _on_connect - 402 - MQTT Connector connected to 34.173.180.125:1883 - successfully.
2025-06-21 00:07:18.223 - |INFO| - [mqtt_connector.py] - mqtt_connector - _on_connect - 480 - Connector "MQTT Connector" subscribe to cpv1/#
2025-06-21 00:07:18.494 - |INFO| - [mqtt_connector.py] - mqtt_connector - _on_subscribe - 523 - ()
2025-06-21 00:07:18.494 - |INFO| - [mqtt_connector.py] - mqtt_connector - _on_subscribe - 530 - "MQTT Connector" subscription success to topic cpv1/#, subscription message id = 6
2025-06-22 15:05:42.723 - |ERROR| - [tb_logger.py] - tb_logger - exception - 182 - Error while connecting to broker MQTT Connector: [WinError 10065] A socket operation was attempted to an unreachable host
Traceback (most recent call last):
  File "C:\Users\kershan.govender\Documents\GitHub_Projects\pele-thingsboard-gateway\thingsboard_gateway\connectors\mqtt\mqtt_connector.py", line 355, in __connect
    self._client.connect(self.__broker['host'], self.__broker.get('port', 1883))
  File "C:\Users\kershan.govender\Documents\Python Projects\Virtual_Environments\pele-thingsboard-gateway\venv\lib\site-packages\paho\mqtt\client.py", line 1435, in connect
    return self.reconnect()
  File "C:\Users\kershan.govender\Documents\Python Projects\Virtual_Environments\pele-thingsboard-gateway\venv\lib\site-packages\paho\mqtt\client.py", line 1598, in reconnect
    self._sock = self._create_socket()
  File "C:\Users\kershan.govender\Documents\Python Projects\Virtual_Environments\pele-thingsboard-gateway\venv\lib\site-packages\paho\mqtt\client.py", line 4614, in _create_socket
    sock = self._create_socket_connection()
  File "C:\Users\kershan.govender\Documents\Python Projects\Virtual_Environments\pele-thingsboard-gateway\venv\lib\site-packages\paho\mqtt\client.py", line 4645, in _create_socket_connection
    return socket.create_connection(addr, timeout=self._connect_timeout, source_address=source)
  File "C:\Program Files\WindowsApps\PythonSoftwareFoundation.Python.3.10_3.10.3056.0_x64__qbz5n2kfra8p0\lib\socket.py", line 845, in create_connection
    raise err
  File "C:\Program Files\WindowsApps\PythonSoftwareFoundation.Python.3.10_3.10.3056.0_x64__qbz5n2kfra8p0\lib\socket.py", line 833, in create_connection
    sock.connect(sa)
OSError: [WinError 10065] A socket operation was attempted to an unreachable host
2025-06-22 15:05:58.375 - |INFO| - [mqtt_connector.py] - mqtt_connector - _on_connect - 402 - MQTT Connector connected to 34.173.180.125:1883 - successfully.
2025-06-22 15:05:58.377 - |INFO| - [mqtt_connector.py] - mqtt_connector - _on_connect - 480 - Connector "MQTT Connector" subscribe to cpv1/#
2025-06-22 15:34:30.373 - |ERROR| - [tb_logger.py] - tb_logger - exception - 182 - Error while connecting to broker MQTT Connector: [WinError 10051] A socket operation was attempted to an unreachable network
Traceback (most recent call last):
  File "C:\Users\kershan.govender\Documents\GitHub_Projects\pele-thingsboard-gateway\thingsboard_gateway\connectors\mqtt\mqtt_connector.py", line 355, in __connect
    self._client.connect(self.__broker['host'], self.__broker.get('port', 1883))
  File "C:\Users\kershan.govender\Documents\Python Projects\Virtual_Environments\pele-thingsboard-gateway\venv\lib\site-packages\paho\mqtt\client.py", line 1435, in connect
    return self.reconnect()
  File "C:\Users\kershan.govender\Documents\Python Projects\Virtual_Environments\pele-thingsboard-gateway\venv\lib\site-packages\paho\mqtt\client.py", line 1598, in reconnect
    self._sock = self._create_socket()
  File "C:\Users\kershan.govender\Documents\Python Projects\Virtual_Environments\pele-thingsboard-gateway\venv\lib\site-packages\paho\mqtt\client.py", line 4614, in _create_socket
    sock = self._create_socket_connection()
  File "C:\Users\kershan.govender\Documents\Python Projects\Virtual_Environments\pele-thingsboard-gateway\venv\lib\site-packages\paho\mqtt\client.py", line 4645, in _create_socket_connection
    return socket.create_connection(addr, timeout=self._connect_timeout, source_address=source)
  File "C:\Program Files\WindowsApps\PythonSoftwareFoundation.Python.3.10_3.10.3056.0_x64__qbz5n2kfra8p0\lib\socket.py", line 845, in create_connection
    raise err
  File "C:\Program Files\WindowsApps\PythonSoftwareFoundation.Python.3.10_3.10.3056.0_x64__qbz5n2kfra8p0\lib\socket.py", line 833, in create_connection
    sock.connect(sa)
OSError: [WinError 10051] A socket operation was attempted to an unreachable network
2025-06-22 17:25:04.536 - |INFO| - [mqtt_connector.py] - mqtt_connector - _on_connect - 402 - MQTT Connector connected to 34.173.180.125:1883 - successfully.
2025-06-22 17:25:04.537 - |INFO| - [mqtt_connector.py] - mqtt_connector - _on_connect - 480 - Connector "MQTT Connector" subscribe to cpv1/#
2025-06-22 17:25:04.792 - |INFO| - [mqtt_connector.py] - mqtt_connector - _on_subscribe - 523 - ()
2025-06-22 17:25:04.792 - |INFO| - [mqtt_connector.py] - mqtt_connector - _on_subscribe - 530 - "MQTT Connector" subscription success to topic cpv1/#, subscription message id = 8
2025-06-22 18:06:27.117 - |ERROR| - [tb_logger.py] - tb_logger - exception - 182 - Error while connecting to broker MQTT Connector: [WinError 10051] A socket operation was attempted to an unreachable network
Traceback (most recent call last):
  File "C:\Users\kershan.govender\Documents\GitHub_Projects\pele-thingsboard-gateway\thingsboard_gateway\connectors\mqtt\mqtt_connector.py", line 355, in __connect
    self._client.connect(self.__broker['host'], self.__broker.get('port', 1883))
  File "C:\Users\kershan.govender\Documents\Python Projects\Virtual_Environments\pele-thingsboard-gateway\venv\lib\site-packages\paho\mqtt\client.py", line 1435, in connect
    return self.reconnect()
  File "C:\Users\kershan.govender\Documents\Python Projects\Virtual_Environments\pele-thingsboard-gateway\venv\lib\site-packages\paho\mqtt\client.py", line 1598, in reconnect
    self._sock = self._create_socket()
  File "C:\Users\kershan.govender\Documents\Python Projects\Virtual_Environments\pele-thingsboard-gateway\venv\lib\site-packages\paho\mqtt\client.py", line 4614, in _create_socket
    sock = self._create_socket_connection()
  File "C:\Users\kershan.govender\Documents\Python Projects\Virtual_Environments\pele-thingsboard-gateway\venv\lib\site-packages\paho\mqtt\client.py", line 4645, in _create_socket_connection
    return socket.create_connection(addr, timeout=self._connect_timeout, source_address=source)
  File "C:\Program Files\WindowsApps\PythonSoftwareFoundation.Python.3.10_3.10.3056.0_x64__qbz5n2kfra8p0\lib\socket.py", line 845, in create_connection
    raise err
  File "C:\Program Files\WindowsApps\PythonSoftwareFoundation.Python.3.10_3.10.3056.0_x64__qbz5n2kfra8p0\lib\socket.py", line 833, in create_connection
    sock.connect(sa)
OSError: [WinError 10051] A socket operation was attempted to an unreachable network
2025-06-22 18:06:31.574 - |INFO| - [mqtt_connector.py] - mqtt_connector - _on_connect - 402 - MQTT Connector connected to 34.173.180.125:1883 - successfully.
2025-06-22 18:06:31.574 - |INFO| - [mqtt_connector.py] - mqtt_connector - _on_connect - 480 - Connector "MQTT Connector" subscribe to cpv1/#
2025-06-22 18:06:31.935 - |INFO| - [mqtt_connector.py] - mqtt_connector - _on_subscribe - 523 - ()
2025-06-22 18:06:31.937 - |INFO| - [mqtt_connector.py] - mqtt_connector - _on_subscribe - 530 - "MQTT Connector" subscription success to topic cpv1/#, subscription message id = 9
2025-06-22 20:10:21.808 - |ERROR| - [tb_logger.py] - tb_logger - exception - 182 - Error while connecting to broker MQTT Connector: [WinError 10051] A socket operation was attempted to an unreachable network
Traceback (most recent call last):
  File "C:\Users\kershan.govender\Documents\GitHub_Projects\pele-thingsboard-gateway\thingsboard_gateway\connectors\mqtt\mqtt_connector.py", line 355, in __connect
    self._client.connect(self.__broker['host'], self.__broker.get('port', 1883))
  File "C:\Users\kershan.govender\Documents\Python Projects\Virtual_Environments\pele-thingsboard-gateway\venv\lib\site-packages\paho\mqtt\client.py", line 1435, in connect
    return self.reconnect()
  File "C:\Users\kershan.govender\Documents\Python Projects\Virtual_Environments\pele-thingsboard-gateway\venv\lib\site-packages\paho\mqtt\client.py", line 1598, in reconnect
    self._sock = self._create_socket()
  File "C:\Users\kershan.govender\Documents\Python Projects\Virtual_Environments\pele-thingsboard-gateway\venv\lib\site-packages\paho\mqtt\client.py", line 4614, in _create_socket
    sock = self._create_socket_connection()
  File "C:\Users\kershan.govender\Documents\Python Projects\Virtual_Environments\pele-thingsboard-gateway\venv\lib\site-packages\paho\mqtt\client.py", line 4645, in _create_socket_connection
    return socket.create_connection(addr, timeout=self._connect_timeout, source_address=source)
  File "C:\Program Files\WindowsApps\PythonSoftwareFoundation.Python.3.10_3.10.3056.0_x64__qbz5n2kfra8p0\lib\socket.py", line 845, in create_connection
    raise err
  File "C:\Program Files\WindowsApps\PythonSoftwareFoundation.Python.3.10_3.10.3056.0_x64__qbz5n2kfra8p0\lib\socket.py", line 833, in create_connection
    sock.connect(sa)
OSError: [WinError 10051] A socket operation was attempted to an unreachable network
2025-06-23 02:19:41.815 - |INFO| - [mqtt_connector.py] - mqtt_connector - _on_connect - 402 - MQTT Connector connected to 34.173.180.125:1883 - successfully.
2025-06-23 02:19:41.816 - |INFO| - [mqtt_connector.py] - mqtt_connector - _on_connect - 480 - Connector "MQTT Connector" subscribe to cpv1/#
2025-06-23 02:19:42.092 - |INFO| - [mqtt_connector.py] - mqtt_connector - _on_subscribe - 523 - ()
2025-06-23 02:19:42.092 - |INFO| - [mqtt_connector.py] - mqtt_connector - _on_subscribe - 530 - "MQTT Connector" subscription success to topic cpv1/#, subscription message id = 10
2025-06-23 08:18:19.265 - |ERROR| - [tb_logger.py] - tb_logger - exception - 182 - Error while connecting to broker MQTT Connector: [WinError 10065] A socket operation was attempted to an unreachable host
Traceback (most recent call last):
  File "C:\Users\kershan.govender\Documents\GitHub_Projects\pele-thingsboard-gateway\thingsboard_gateway\connectors\mqtt\mqtt_connector.py", line 355, in __connect
    self._client.connect(self.__broker['host'], self.__broker.get('port', 1883))
  File "C:\Users\kershan.govender\Documents\Python Projects\Virtual_Environments\pele-thingsboard-gateway\venv\lib\site-packages\paho\mqtt\client.py", line 1435, in connect
    return self.reconnect()
  File "C:\Users\kershan.govender\Documents\Python Projects\Virtual_Environments\pele-thingsboard-gateway\venv\lib\site-packages\paho\mqtt\client.py", line 1598, in reconnect
    self._sock = self._create_socket()
  File "C:\Users\kershan.govender\Documents\Python Projects\Virtual_Environments\pele-thingsboard-gateway\venv\lib\site-packages\paho\mqtt\client.py", line 4614, in _create_socket
    sock = self._create_socket_connection()
  File "C:\Users\kershan.govender\Documents\Python Projects\Virtual_Environments\pele-thingsboard-gateway\venv\lib\site-packages\paho\mqtt\client.py", line 4645, in _create_socket_connection
    return socket.create_connection(addr, timeout=self._connect_timeout, source_address=source)
  File "C:\Program Files\WindowsApps\PythonSoftwareFoundation.Python.3.10_3.10.3056.0_x64__qbz5n2kfra8p0\lib\socket.py", line 845, in create_connection
    raise err
  File "C:\Program Files\WindowsApps\PythonSoftwareFoundation.Python.3.10_3.10.3056.0_x64__qbz5n2kfra8p0\lib\socket.py", line 833, in create_connection
    sock.connect(sa)
OSError: [WinError 10065] A socket operation was attempted to an unreachable host
2025-06-23 08:18:22.751 - |INFO| - [mqtt_connector.py] - mqtt_connector - _on_connect - 402 - MQTT Connector connected to 34.173.180.125:1883 - successfully.
2025-06-23 08:18:22.999 - |INFO| - [mqtt_connector.py] - mqtt_connector - _on_connect - 480 - Connector "MQTT Connector" subscribe to cpv1/#
2025-06-23 08:18:23.241 - |INFO| - [mqtt_connector.py] - mqtt_connector - _on_subscribe - 523 - ()
2025-06-23 08:18:23.241 - |INFO| - [mqtt_connector.py] - mqtt_connector - _on_subscribe - 530 - "MQTT Connector" subscription success to topic cpv1/#, subscription message id = 11
2025-06-23 08:19:23.196 - |INFO| - [mqtt_connector.py] - mqtt_connector - _on_connect - 402 - MQTT Connector connected to 34.173.180.125:1883 - successfully.
2025-06-23 08:19:23.196 - |INFO| - [mqtt_connector.py] - mqtt_connector - _on_connect - 480 - Connector "MQTT Connector" subscribe to cpv1/#
2025-06-23 08:19:24.990 - |INFO| - [mqtt_connector.py] - mqtt_connector - _on_connect - 402 - MQTT Connector connected to 34.173.180.125:1883 - successfully.
2025-06-23 08:19:24.992 - |INFO| - [mqtt_connector.py] - mqtt_connector - _on_connect - 480 - Connector "MQTT Connector" subscribe to cpv1/#
2025-06-23 08:19:25.254 - |INFO| - [mqtt_connector.py] - mqtt_connector - _on_subscribe - 523 - ()
2025-06-23 08:19:25.254 - |INFO| - [mqtt_connector.py] - mqtt_connector - _on_subscribe - 530 - "MQTT Connector" subscription success to topic cpv1/#, subscription message id = 13
2025-06-23 08:25:19.156 - |INFO| - [mqtt_connector.py] - mqtt_connector - close - 383 - MQTT Connector has been stopped.
2025-06-23 08:25:19.209 - |INFO| - [mqtt_connector.py] - mqtt_connector - load_handlers - 314 - Number of accepted mapping handlers: 1
2025-06-23 08:25:19.736 - |INFO| - [mqtt_connector.py] - mqtt_connector - _on_connect - 402 - MQTT Connector connected to 34.173.180.125:1883 - successfully.
2025-06-23 08:25:19.736 - |INFO| - [mqtt_connector.py] - mqtt_connector - _on_connect - 480 - Connector "MQTT Connector" subscribe to cpv1/#
2025-06-23 08:25:19.993 - |INFO| - [mqtt_connector.py] - mqtt_connector - _on_subscribe - 523 - ()
2025-06-23 08:25:19.993 - |INFO| - [mqtt_connector.py] - mqtt_connector - _on_subscribe - 530 - "MQTT Connector" subscription success to topic cpv1/#, subscription message id = 1
2025-06-23 08:27:25.093 - |INFO| - [mqtt_connector.py] - mqtt_connector - close - 383 - MQTT Connector has been stopped.
2025-06-23 08:27:32.529 - |INFO| - [mqtt_connector.py] - mqtt_connector - load_handlers - 314 - Number of accepted mapping handlers: 1
2025-06-23 08:27:33.233 - |INFO| - [mqtt_connector.py] - mqtt_connector - _on_connect - 402 - MQTT Connector connected to 34.173.180.125:1883 - successfully.
2025-06-23 08:27:33.257 - |INFO| - [mqtt_connector.py] - mqtt_connector - _on_connect - 480 - Connector "MQTT Connector" subscribe to cpv1/#
2025-06-23 08:27:33.513 - |INFO| - [mqtt_connector.py] - mqtt_connector - _on_subscribe - 523 - ()
2025-06-23 08:27:33.513 - |INFO| - [mqtt_connector.py] - mqtt_connector - _on_subscribe - 530 - "MQTT Connector" subscription success to topic cpv1/#, subscription message id = 1
2025-06-23 08:27:47.593 - |INFO| - [mqtt_connector.py] - mqtt_connector - close - 383 - MQTT Connector has been stopped.
2025-06-23 08:28:13.813 - |INFO| - [mqtt_connector.py] - mqtt_connector - load_handlers - 314 - Number of accepted mapping handlers: 1
2025-06-23 08:28:14.337 - |INFO| - [mqtt_connector.py] - mqtt_connector - _on_connect - 402 - MQTT Connector connected to 34.173.180.125:1883 - successfully.
2025-06-23 08:28:14.344 - |INFO| - [mqtt_connector.py] - mqtt_connector - _on_connect - 480 - Connector "MQTT Connector" subscribe to cpv1/#
2025-06-23 08:28:14.602 - |INFO| - [mqtt_connector.py] - mqtt_connector - _on_subscribe - 523 - ()
2025-06-23 08:28:14.603 - |INFO| - [mqtt_connector.py] - mqtt_connector - _on_subscribe - 530 - "MQTT Connector" subscription success to topic cpv1/#, subscription message id = 1
2025-06-23 08:50:49.999 - |INFO| - [mqtt_connector.py] - mqtt_connector - close - 383 - MQTT Connector has been stopped.
2025-06-23 08:50:54.643 - |INFO| - [mqtt_connector.py] - mqtt_connector - load_handlers - 314 - Number of accepted mapping handlers: 1
2025-06-23 08:50:55.158 - |INFO| - [mqtt_connector.py] - mqtt_connector - _on_connect - 402 - MQTT Connector connected to 34.173.180.125:1883 - successfully.
2025-06-23 08:50:55.174 - |INFO| - [mqtt_connector.py] - mqtt_connector - _on_connect - 480 - Connector "MQTT Connector" subscribe to cpv1/#
2025-06-23 08:50:55.433 - |INFO| - [mqtt_connector.py] - mqtt_connector - _on_subscribe - 523 - ()
2025-06-23 08:50:55.433 - |INFO| - [mqtt_connector.py] - mqtt_connector - _on_subscribe - 530 - "MQTT Connector" subscription success to topic cpv1/#, subscription message id = 1
2025-06-23 08:51:20.241 - |INFO| - [mqtt_connector.py] - mqtt_connector - close - 383 - MQTT Connector has been stopped.
2025-06-23 08:51:24.100 - |INFO| - [mqtt_connector.py] - mqtt_connector - load_handlers - 314 - Number of accepted mapping handlers: 1
2025-06-23 08:51:24.621 - |INFO| - [mqtt_connector.py] - mqtt_connector - _on_connect - 402 - MQTT Connector connected to 34.173.180.125:1883 - successfully.
2025-06-23 08:51:24.627 - |INFO| - [mqtt_connector.py] - mqtt_connector - _on_connect - 480 - Connector "MQTT Connector" subscribe to cpv1/#
2025-06-23 08:51:24.889 - |INFO| - [mqtt_connector.py] - mqtt_connector - _on_subscribe - 523 - ()
2025-06-23 08:51:24.889 - |INFO| - [mqtt_connector.py] - mqtt_connector - _on_subscribe - 530 - "MQTT Connector" subscription success to topic cpv1/#, subscription message id = 1
2025-06-23 08:51:33.460 - |INFO| - [mqtt_connector.py] - mqtt_connector - close - 383 - MQTT Connector has been stopped.
2025-06-23 08:51:56.124 - |INFO| - [mqtt_connector.py] - mqtt_connector - load_handlers - 314 - Number of accepted mapping handlers: 1
2025-06-23 08:51:56.640 - |INFO| - [mqtt_connector.py] - mqtt_connector - _on_connect - 402 - MQTT Connector connected to 34.173.180.125:1883 - successfully.
2025-06-23 08:51:56.644 - |INFO| - [mqtt_connector.py] - mqtt_connector - _on_connect - 480 - Connector "MQTT Connector" subscribe to cpv1/#
2025-06-23 08:51:56.900 - |INFO| - [mqtt_connector.py] - mqtt_connector - _on_subscribe - 523 - ()
2025-06-23 08:51:56.900 - |INFO| - [mqtt_connector.py] - mqtt_connector - _on_subscribe - 530 - "MQTT Connector" subscription success to topic cpv1/#, subscription message id = 1
2025-06-23 08:54:02.720 - |INFO| - [mqtt_connector.py] - mqtt_connector - close - 383 - MQTT Connector has been stopped.
2025-06-23 08:54:08.228 - |INFO| - [mqtt_connector.py] - mqtt_connector - load_handlers - 314 - Number of accepted mapping handlers: 1
2025-06-23 08:54:08.771 - |INFO| - [mqtt_connector.py] - mqtt_connector - _on_connect - 402 - MQTT Connector connected to 34.173.180.125:1883 - successfully.
2025-06-23 08:54:08.775 - |INFO| - [mqtt_connector.py] - mqtt_connector - _on_connect - 480 - Connector "MQTT Connector" subscribe to cpv1/#
2025-06-23 08:54:09.035 - |INFO| - [mqtt_connector.py] - mqtt_connector - _on_subscribe - 523 - ()
2025-06-23 08:54:09.035 - |INFO| - [mqtt_connector.py] - mqtt_connector - _on_subscribe - 530 - "MQTT Connector" subscription success to topic cpv1/#, subscription message id = 1
2025-06-23 09:04:59.323 - |INFO| - [mqtt_connector.py] - mqtt_connector - close - 383 - MQTT Connector has been stopped.
2025-06-23 09:05:13.793 - |INFO| - [mqtt_connector.py] - mqtt_connector - load_handlers - 314 - Number of accepted mapping handlers: 1
2025-06-23 09:05:14.312 - |INFO| - [mqtt_connector.py] - mqtt_connector - _on_connect - 402 - MQTT Connector connected to 34.173.180.125:1883 - successfully.
2025-06-23 09:05:14.318 - |INFO| - [mqtt_connector.py] - mqtt_connector - _on_connect - 480 - Connector "MQTT Connector" subscribe to cpv1/#
2025-06-23 09:05:14.576 - |INFO| - [mqtt_connector.py] - mqtt_connector - _on_subscribe - 523 - ()
2025-06-23 09:05:14.576 - |INFO| - [mqtt_connector.py] - mqtt_connector - _on_subscribe - 530 - "MQTT Connector" subscription success to topic cpv1/#, subscription message id = 1
2025-06-23 10:45:24.494 - |INFO| - [mqtt_connector.py] - mqtt_connector - close - 383 - MQTT Connector has been stopped.
2025-06-23 10:45:29.422 - |INFO| - [mqtt_connector.py] - mqtt_connector - load_handlers - 314 - Number of accepted mapping handlers: 1
2025-06-23 10:45:29.964 - |INFO| - [mqtt_connector.py] - mqtt_connector - _on_connect - 402 - MQTT Connector connected to 34.173.180.125:1883 - successfully.
2025-06-23 10:45:29.968 - |INFO| - [mqtt_connector.py] - mqtt_connector - _on_connect - 480 - Connector "MQTT Connector" subscribe to cpv1/#
2025-06-23 10:45:30.227 - |INFO| - [mqtt_connector.py] - mqtt_connector - _on_subscribe - 523 - ()
2025-06-23 10:45:30.227 - |INFO| - [mqtt_connector.py] - mqtt_connector - _on_subscribe - 530 - "MQTT Connector" subscription success to topic cpv1/#, subscription message id = 1
2025-06-23 11:55:52.731 - |INFO| - [mqtt_connector.py] - mqtt_connector - _on_connect - 402 - MQTT Connector connected to 34.173.180.125:1883 - successfully.
2025-06-23 11:55:52.733 - |INFO| - [mqtt_connector.py] - mqtt_connector - _on_connect - 480 - Connector "MQTT Connector" subscribe to cpv1/#
2025-06-23 11:55:52.993 - |INFO| - [mqtt_connector.py] - mqtt_connector - _on_subscribe - 523 - ()
2025-06-23 11:55:52.993 - |INFO| - [mqtt_connector.py] - mqtt_connector - _on_subscribe - 530 - "MQTT Connector" subscription success to topic cpv1/#, subscription message id = 2
2025-06-23 15:38:03.985 - |INFO| - [mqtt_connector.py] - mqtt_connector - _on_connect - 402 - MQTT Connector connected to 34.173.180.125:1883 - successfully.
2025-06-23 15:38:03.989 - |INFO| - [mqtt_connector.py] - mqtt_connector - _on_connect - 480 - Connector "MQTT Connector" subscribe to cpv1/#
2025-06-23 15:38:05.924 - |INFO| - [mqtt_connector.py] - mqtt_connector - _on_connect - 402 - MQTT Connector connected to 34.173.180.125:1883 - successfully.
2025-06-23 15:38:05.924 - |INFO| - [mqtt_connector.py] - mqtt_connector - _on_connect - 480 - Connector "MQTT Connector" subscribe to cpv1/#
2025-06-23 15:38:06.230 - |INFO| - [mqtt_connector.py] - mqtt_connector - _on_subscribe - 523 - ()
2025-06-23 15:38:06.230 - |INFO| - [mqtt_connector.py] - mqtt_connector - _on_subscribe - 530 - "MQTT Connector" subscription success to topic cpv1/#, subscription message id = 4
2025-06-23 16:22:57.013 - |ERROR| - [tb_logger.py] - tb_logger - exception - 182 - Error while connecting to broker MQTT Connector: [WinError 10051] A socket operation was attempted to an unreachable network
Traceback (most recent call last):
  File "C:\Users\kershan.govender\Documents\GitHub_Projects\pele-thingsboard-gateway\thingsboard_gateway\connectors\mqtt\mqtt_connector.py", line 355, in __connect
    self._client.connect(self.__broker['host'], self.__broker.get('port', 1883))
  File "C:\Users\kershan.govender\Documents\Python Projects\Virtual_Environments\pele-thingsboard-gateway\venv\lib\site-packages\paho\mqtt\client.py", line 1435, in connect
    return self.reconnect()
  File "C:\Users\kershan.govender\Documents\Python Projects\Virtual_Environments\pele-thingsboard-gateway\venv\lib\site-packages\paho\mqtt\client.py", line 1598, in reconnect
    self._sock = self._create_socket()
  File "C:\Users\kershan.govender\Documents\Python Projects\Virtual_Environments\pele-thingsboard-gateway\venv\lib\site-packages\paho\mqtt\client.py", line 4614, in _create_socket
    sock = self._create_socket_connection()
  File "C:\Users\kershan.govender\Documents\Python Projects\Virtual_Environments\pele-thingsboard-gateway\venv\lib\site-packages\paho\mqtt\client.py", line 4645, in _create_socket_connection
    return socket.create_connection(addr, timeout=self._connect_timeout, source_address=source)
  File "C:\Program Files\WindowsApps\PythonSoftwareFoundation.Python.3.10_3.10.3056.0_x64__qbz5n2kfra8p0\lib\socket.py", line 845, in create_connection
    raise err
  File "C:\Program Files\WindowsApps\PythonSoftwareFoundation.Python.3.10_3.10.3056.0_x64__qbz5n2kfra8p0\lib\socket.py", line 833, in create_connection
    sock.connect(sa)
OSError: [WinError 10051] A socket operation was attempted to an unreachable network
2025-06-23 18:45:39.206 - |INFO| - [mqtt_connector.py] - mqtt_connector - _on_connect - 402 - MQTT Connector connected to 34.173.180.125:1883 - successfully.
2025-06-23 18:45:39.210 - |INFO| - [mqtt_connector.py] - mqtt_connector - _on_connect - 480 - Connector "MQTT Connector" subscribe to cpv1/#
2025-06-23 18:45:39.460 - |INFO| - [mqtt_connector.py] - mqtt_connector - _on_subscribe - 523 - ()
2025-06-23 18:45:39.460 - |INFO| - [mqtt_connector.py] - mqtt_connector - _on_subscribe - 530 - "MQTT Connector" subscription success to topic cpv1/#, subscription message id = 5
2025-06-23 18:46:47.882 - |INFO| - [mqtt_connector.py] - mqtt_connector - _on_connect - 402 - MQTT Connector connected to 34.173.180.125:1883 - successfully.
2025-06-23 18:46:47.883 - |INFO| - [mqtt_connector.py] - mqtt_connector - _on_connect - 480 - Connector "MQTT Connector" subscribe to cpv1/#
2025-06-23 18:46:48.187 - |INFO| - [mqtt_connector.py] - mqtt_connector - _on_subscribe - 523 - ()
2025-06-23 18:46:48.187 - |INFO| - [mqtt_connector.py] - mqtt_connector - _on_subscribe - 530 - "MQTT Connector" subscription success to topic cpv1/#, subscription message id = 6
2025-06-23 19:43:24.302 - |ERROR| - [tb_logger.py] - tb_logger - exception - 182 - Error while connecting to broker MQTT Connector: [WinError 10051] A socket operation was attempted to an unreachable network
Traceback (most recent call last):
  File "C:\Users\kershan.govender\Documents\GitHub_Projects\pele-thingsboard-gateway\thingsboard_gateway\connectors\mqtt\mqtt_connector.py", line 355, in __connect
    self._client.connect(self.__broker['host'], self.__broker.get('port', 1883))
  File "C:\Users\kershan.govender\Documents\Python Projects\Virtual_Environments\pele-thingsboard-gateway\venv\lib\site-packages\paho\mqtt\client.py", line 1435, in connect
    return self.reconnect()
  File "C:\Users\kershan.govender\Documents\Python Projects\Virtual_Environments\pele-thingsboard-gateway\venv\lib\site-packages\paho\mqtt\client.py", line 1598, in reconnect
    self._sock = self._create_socket()
  File "C:\Users\kershan.govender\Documents\Python Projects\Virtual_Environments\pele-thingsboard-gateway\venv\lib\site-packages\paho\mqtt\client.py", line 4614, in _create_socket
    sock = self._create_socket_connection()
  File "C:\Users\kershan.govender\Documents\Python Projects\Virtual_Environments\pele-thingsboard-gateway\venv\lib\site-packages\paho\mqtt\client.py", line 4645, in _create_socket_connection
    return socket.create_connection(addr, timeout=self._connect_timeout, source_address=source)
  File "C:\Program Files\WindowsApps\PythonSoftwareFoundation.Python.3.10_3.10.3056.0_x64__qbz5n2kfra8p0\lib\socket.py", line 845, in create_connection
    raise err
  File "C:\Program Files\WindowsApps\PythonSoftwareFoundation.Python.3.10_3.10.3056.0_x64__qbz5n2kfra8p0\lib\socket.py", line 833, in create_connection
    sock.connect(sa)
OSError: [WinError 10051] A socket operation was attempted to an unreachable network
2025-06-24 02:15:19.999 - |ERROR| - [tb_logger.py] - tb_logger - exception - 182 - Error while connecting to broker MQTT Connector: [WinError 10065] A socket operation was attempted to an unreachable host
Traceback (most recent call last):
  File "C:\Users\kershan.govender\Documents\GitHub_Projects\pele-thingsboard-gateway\thingsboard_gateway\connectors\mqtt\mqtt_connector.py", line 355, in __connect
    self._client.connect(self.__broker['host'], self.__broker.get('port', 1883))
  File "C:\Users\kershan.govender\Documents\Python Projects\Virtual_Environments\pele-thingsboard-gateway\venv\lib\site-packages\paho\mqtt\client.py", line 1435, in connect
    return self.reconnect()
  File "C:\Users\kershan.govender\Documents\Python Projects\Virtual_Environments\pele-thingsboard-gateway\venv\lib\site-packages\paho\mqtt\client.py", line 1598, in reconnect
    self._sock = self._create_socket()
  File "C:\Users\kershan.govender\Documents\Python Projects\Virtual_Environments\pele-thingsboard-gateway\venv\lib\site-packages\paho\mqtt\client.py", line 4614, in _create_socket
    sock = self._create_socket_connection()
  File "C:\Users\kershan.govender\Documents\Python Projects\Virtual_Environments\pele-thingsboard-gateway\venv\lib\site-packages\paho\mqtt\client.py", line 4645, in _create_socket_connection
    return socket.create_connection(addr, timeout=self._connect_timeout, source_address=source)
  File "C:\Program Files\WindowsApps\PythonSoftwareFoundation.Python.3.10_3.10.3056.0_x64__qbz5n2kfra8p0\lib\socket.py", line 845, in create_connection
    raise err
  File "C:\Program Files\WindowsApps\PythonSoftwareFoundation.Python.3.10_3.10.3056.0_x64__qbz5n2kfra8p0\lib\socket.py", line 833, in create_connection
    sock.connect(sa)
OSError: [WinError 10065] A socket operation was attempted to an unreachable host
2025-06-24 08:12:34.864 - |ERROR| - [mqtt_connector.py] - mqtt_connector - __connect - 367 - Error while connecting to broker MQTT Connector: timed out
2025-06-24 08:13:04.686 - |INFO| - [mqtt_connector.py] - mqtt_connector - _on_connect - 402 - MQTT Connector connected to 34.173.180.125:1883 - successfully.
2025-06-24 08:13:04.686 - |INFO| - [mqtt_connector.py] - mqtt_connector - _on_connect - 480 - Connector "MQTT Connector" subscribe to cpv1/#
2025-06-24 08:13:06.534 - |INFO| - [mqtt_connector.py] - mqtt_connector - _on_connect - 402 - MQTT Connector connected to 34.173.180.125:1883 - successfully.
2025-06-24 08:13:06.534 - |INFO| - [mqtt_connector.py] - mqtt_connector - _on_connect - 480 - Connector "MQTT Connector" subscribe to cpv1/#
2025-06-24 08:13:06.791 - |INFO| - [mqtt_connector.py] - mqtt_connector - _on_subscribe - 523 - ()
2025-06-24 08:13:06.793 - |INFO| - [mqtt_connector.py] - mqtt_connector - _on_subscribe - 530 - "MQTT Connector" subscription success to topic cpv1/#, subscription message id = 8
2025-06-24 08:48:09.822 - |ERROR| - [tb_logger.py] - tb_logger - exception - 182 - Error while connecting to broker MQTT Connector: [WinError 10051] A socket operation was attempted to an unreachable network
Traceback (most recent call last):
  File "C:\Users\kershan.govender\Documents\GitHub_Projects\pele-thingsboard-gateway\thingsboard_gateway\connectors\mqtt\mqtt_connector.py", line 355, in __connect
    self._client.connect(self.__broker['host'], self.__broker.get('port', 1883))
  File "C:\Users\kershan.govender\Documents\Python Projects\Virtual_Environments\pele-thingsboard-gateway\venv\lib\site-packages\paho\mqtt\client.py", line 1435, in connect
    return self.reconnect()
  File "C:\Users\kershan.govender\Documents\Python Projects\Virtual_Environments\pele-thingsboard-gateway\venv\lib\site-packages\paho\mqtt\client.py", line 1598, in reconnect
    self._sock = self._create_socket()
  File "C:\Users\kershan.govender\Documents\Python Projects\Virtual_Environments\pele-thingsboard-gateway\venv\lib\site-packages\paho\mqtt\client.py", line 4614, in _create_socket
    sock = self._create_socket_connection()
  File "C:\Users\kershan.govender\Documents\Python Projects\Virtual_Environments\pele-thingsboard-gateway\venv\lib\site-packages\paho\mqtt\client.py", line 4645, in _create_socket_connection
    return socket.create_connection(addr, timeout=self._connect_timeout, source_address=source)
  File "C:\Program Files\WindowsApps\PythonSoftwareFoundation.Python.3.10_3.10.3056.0_x64__qbz5n2kfra8p0\lib\socket.py", line 845, in create_connection
    raise err
  File "C:\Program Files\WindowsApps\PythonSoftwareFoundation.Python.3.10_3.10.3056.0_x64__qbz5n2kfra8p0\lib\socket.py", line 833, in create_connection
    sock.connect(sa)
OSError: [WinError 10051] A socket operation was attempted to an unreachable network
2025-06-24 08:48:20.859 - |ERROR| - [tb_logger.py] - tb_logger - exception - 182 - Error while connecting to broker MQTT Connector: [WinError 10051] A socket operation was attempted to an unreachable network
Traceback (most recent call last):
  File "C:\Users\kershan.govender\Documents\GitHub_Projects\pele-thingsboard-gateway\thingsboard_gateway\connectors\mqtt\mqtt_connector.py", line 355, in __connect
    self._client.connect(self.__broker['host'], self.__broker.get('port', 1883))
  File "C:\Users\kershan.govender\Documents\Python Projects\Virtual_Environments\pele-thingsboard-gateway\venv\lib\site-packages\paho\mqtt\client.py", line 1435, in connect
    return self.reconnect()
  File "C:\Users\kershan.govender\Documents\Python Projects\Virtual_Environments\pele-thingsboard-gateway\venv\lib\site-packages\paho\mqtt\client.py", line 1598, in reconnect
    self._sock = self._create_socket()
  File "C:\Users\kershan.govender\Documents\Python Projects\Virtual_Environments\pele-thingsboard-gateway\venv\lib\site-packages\paho\mqtt\client.py", line 4614, in _create_socket
    sock = self._create_socket_connection()
  File "C:\Users\kershan.govender\Documents\Python Projects\Virtual_Environments\pele-thingsboard-gateway\venv\lib\site-packages\paho\mqtt\client.py", line 4645, in _create_socket_connection
    return socket.create_connection(addr, timeout=self._connect_timeout, source_address=source)
  File "C:\Program Files\WindowsApps\PythonSoftwareFoundation.Python.3.10_3.10.3056.0_x64__qbz5n2kfra8p0\lib\socket.py", line 845, in create_connection
    raise err
  File "C:\Program Files\WindowsApps\PythonSoftwareFoundation.Python.3.10_3.10.3056.0_x64__qbz5n2kfra8p0\lib\socket.py", line 833, in create_connection
    sock.connect(sa)
OSError: [WinError 10051] A socket operation was attempted to an unreachable network
2025-06-24 08:48:41.232 - |INFO| - [mqtt_connector.py] - mqtt_connector - _on_connect - 402 - MQTT Connector connected to 34.173.180.125:1883 - successfully.
2025-06-24 08:48:41.235 - |INFO| - [mqtt_connector.py] - mqtt_connector - _on_connect - 480 - Connector "MQTT Connector" subscribe to cpv1/#
2025-06-24 08:48:41.471 - |INFO| - [mqtt_connector.py] - mqtt_connector - _on_subscribe - 523 - ()
2025-06-24 08:48:41.471 - |INFO| - [mqtt_connector.py] - mqtt_connector - _on_subscribe - 530 - "MQTT Connector" subscription success to topic cpv1/#, subscription message id = 9
2025-06-24 08:49:45.208 - |INFO| - [mqtt_connector.py] - mqtt_connector - _on_connect - 402 - MQTT Connector connected to 34.173.180.125:1883 - successfully.
2025-06-24 08:49:45.208 - |INFO| - [mqtt_connector.py] - mqtt_connector - _on_connect - 480 - Connector "MQTT Connector" subscribe to cpv1/#
2025-06-24 08:49:45.456 - |INFO| - [mqtt_connector.py] - mqtt_connector - _on_subscribe - 523 - ()
2025-06-24 08:49:45.456 - |INFO| - [mqtt_connector.py] - mqtt_connector - _on_subscribe - 530 - "MQTT Connector" subscription success to topic cpv1/#, subscription message id = 10
2025-06-24 08:59:32.731 - |ERROR| - [tb_logger.py] - tb_logger - exception - 182 - Error while connecting to broker MQTT Connector: [WinError 10051] A socket operation was attempted to an unreachable network
Traceback (most recent call last):
  File "C:\Users\kershan.govender\Documents\GitHub_Projects\pele-thingsboard-gateway\thingsboard_gateway\connectors\mqtt\mqtt_connector.py", line 355, in __connect
    self._client.connect(self.__broker['host'], self.__broker.get('port', 1883))
  File "C:\Users\kershan.govender\Documents\Python Projects\Virtual_Environments\pele-thingsboard-gateway\venv\lib\site-packages\paho\mqtt\client.py", line 1435, in connect
    return self.reconnect()
  File "C:\Users\kershan.govender\Documents\Python Projects\Virtual_Environments\pele-thingsboard-gateway\venv\lib\site-packages\paho\mqtt\client.py", line 1598, in reconnect
    self._sock = self._create_socket()
  File "C:\Users\kershan.govender\Documents\Python Projects\Virtual_Environments\pele-thingsboard-gateway\venv\lib\site-packages\paho\mqtt\client.py", line 4614, in _create_socket
    sock = self._create_socket_connection()
  File "C:\Users\kershan.govender\Documents\Python Projects\Virtual_Environments\pele-thingsboard-gateway\venv\lib\site-packages\paho\mqtt\client.py", line 4645, in _create_socket_connection
    return socket.create_connection(addr, timeout=self._connect_timeout, source_address=source)
  File "C:\Program Files\WindowsApps\PythonSoftwareFoundation.Python.3.10_3.10.3056.0_x64__qbz5n2kfra8p0\lib\socket.py", line 845, in create_connection
    raise err
  File "C:\Program Files\WindowsApps\PythonSoftwareFoundation.Python.3.10_3.10.3056.0_x64__qbz5n2kfra8p0\lib\socket.py", line 833, in create_connection
    sock.connect(sa)
OSError: [WinError 10051] A socket operation was attempted to an unreachable network
2025-06-24 08:59:34.298 - |INFO| - [mqtt_connector.py] - mqtt_connector - _on_connect - 402 - MQTT Connector connected to 34.173.180.125:1883 - successfully.
2025-06-24 08:59:34.298 - |INFO| - [mqtt_connector.py] - mqtt_connector - _on_connect - 480 - Connector "MQTT Connector" subscribe to cpv1/#
2025-06-24 08:59:34.587 - |INFO| - [mqtt_connector.py] - mqtt_connector - _on_subscribe - 523 - ()
2025-06-24 08:59:34.587 - |INFO| - [mqtt_connector.py] - mqtt_connector - _on_subscribe - 530 - "MQTT Connector" subscription success to topic cpv1/#, subscription message id = 11
2025-06-24 10:40:12.486 - |INFO| - [mqtt_connector.py] - mqtt_connector - _on_connect - 402 - MQTT Connector connected to 34.173.180.125:1883 - successfully.
2025-06-24 10:40:12.488 - |INFO| - [mqtt_connector.py] - mqtt_connector - _on_connect - 480 - Connector "MQTT Connector" subscribe to cpv1/#
2025-06-24 10:40:12.732 - |INFO| - [mqtt_connector.py] - mqtt_connector - _on_subscribe - 523 - ()
2025-06-24 10:40:12.732 - |INFO| - [mqtt_connector.py] - mqtt_connector - _on_subscribe - 530 - "MQTT Connector" subscription success to topic cpv1/#, subscription message id = 12
2025-06-24 12:15:22.259 - |INFO| - [mqtt_connector.py] - mqtt_connector - _on_connect - 402 - MQTT Connector connected to 34.173.180.125:1883 - successfully.
2025-06-24 12:15:22.259 - |INFO| - [mqtt_connector.py] - mqtt_connector - _on_connect - 480 - Connector "MQTT Connector" subscribe to cpv1/#
2025-06-24 12:15:22.511 - |INFO| - [mqtt_connector.py] - mqtt_connector - _on_subscribe - 523 - ()
2025-06-24 12:15:22.511 - |INFO| - [mqtt_connector.py] - mqtt_connector - _on_subscribe - 530 - "MQTT Connector" subscription success to topic cpv1/#, subscription message id = 13
2025-06-24 13:32:13.110 - |INFO| - [mqtt_connector.py] - mqtt_connector - _on_connect - 402 - MQTT Connector connected to 34.173.180.125:1883 - successfully.
2025-06-24 13:32:13.111 - |INFO| - [mqtt_connector.py] - mqtt_connector - _on_connect - 480 - Connector "MQTT Connector" subscribe to cpv1/#
2025-06-24 13:32:13.361 - |INFO| - [mqtt_connector.py] - mqtt_connector - _on_subscribe - 523 - ()
2025-06-24 13:32:13.361 - |INFO| - [mqtt_connector.py] - mqtt_connector - _on_subscribe - 530 - "MQTT Connector" subscription success to topic cpv1/#, subscription message id = 14
2025-06-24 14:37:30.518 - |INFO| - [mqtt_connector.py] - mqtt_connector - _on_connect - 402 - MQTT Connector connected to 34.173.180.125:1883 - successfully.
2025-06-24 14:37:30.518 - |INFO| - [mqtt_connector.py] - mqtt_connector - _on_connect - 480 - Connector "MQTT Connector" subscribe to cpv1/#
2025-06-24 14:37:30.764 - |INFO| - [mqtt_connector.py] - mqtt_connector - _on_subscribe - 523 - ()
2025-06-24 14:37:30.764 - |INFO| - [mqtt_connector.py] - mqtt_connector - _on_subscribe - 530 - "MQTT Connector" subscription success to topic cpv1/#, subscription message id = 15
2025-06-24 16:33:31.137 - |INFO| - [mqtt_connector.py] - mqtt_connector - _on_connect - 402 - MQTT Connector connected to 34.173.180.125:1883 - successfully.
2025-06-24 16:33:31.140 - |INFO| - [mqtt_connector.py] - mqtt_connector - _on_connect - 480 - Connector "MQTT Connector" subscribe to cpv1/#
2025-06-24 16:33:31.386 - |INFO| - [mqtt_connector.py] - mqtt_connector - _on_subscribe - 523 - ()
2025-06-24 16:33:31.386 - |INFO| - [mqtt_connector.py] - mqtt_connector - _on_subscribe - 530 - "MQTT Connector" subscription success to topic cpv1/#, subscription message id = 16
2025-06-24 16:51:43.306 - |ERROR| - [mqtt_connector.py] - mqtt_connector - __connect - 367 - Error while connecting to broker MQTT Connector: timed out
2025-06-24 16:51:45.833 - |INFO| - [mqtt_connector.py] - mqtt_connector - _on_connect - 402 - MQTT Connector connected to 34.173.180.125:1883 - successfully.
2025-06-24 16:51:45.839 - |INFO| - [mqtt_connector.py] - mqtt_connector - _on_connect - 480 - Connector "MQTT Connector" subscribe to cpv1/#
2025-06-24 16:51:46.098 - |INFO| - [mqtt_connector.py] - mqtt_connector - _on_subscribe - 523 - ()
2025-06-24 16:51:46.099 - |INFO| - [mqtt_connector.py] - mqtt_connector - _on_subscribe - 530 - "MQTT Connector" subscription success to topic cpv1/#, subscription message id = 17
2025-06-24 18:57:36.083 - |INFO| - [mqtt_connector.py] - mqtt_connector - _on_connect - 402 - MQTT Connector connected to 34.173.180.125:1883 - successfully.
2025-06-24 18:57:36.085 - |INFO| - [mqtt_connector.py] - mqtt_connector - _on_connect - 480 - Connector "MQTT Connector" subscribe to cpv1/#
2025-06-24 18:57:36.361 - |INFO| - [mqtt_connector.py] - mqtt_connector - _on_subscribe - 523 - ()
2025-06-24 18:57:36.362 - |INFO| - [mqtt_connector.py] - mqtt_connector - _on_subscribe - 530 - "MQTT Connector" subscription success to topic cpv1/#, subscription message id = 18
2025-06-24 19:23:30.962 - |ERROR| - [tb_logger.py] - tb_logger - exception - 182 - Error while connecting to broker MQTT Connector: [WinError 10051] A socket operation was attempted to an unreachable network
Traceback (most recent call last):
  File "C:\Users\kershan.govender\Documents\GitHub_Projects\pele-thingsboard-gateway\thingsboard_gateway\connectors\mqtt\mqtt_connector.py", line 355, in __connect
    self._client.connect(self.__broker['host'], self.__broker.get('port', 1883))
  File "C:\Users\kershan.govender\Documents\Python Projects\Virtual_Environments\pele-thingsboard-gateway\venv\lib\site-packages\paho\mqtt\client.py", line 1435, in connect
    return self.reconnect()
  File "C:\Users\kershan.govender\Documents\Python Projects\Virtual_Environments\pele-thingsboard-gateway\venv\lib\site-packages\paho\mqtt\client.py", line 1598, in reconnect
    self._sock = self._create_socket()
  File "C:\Users\kershan.govender\Documents\Python Projects\Virtual_Environments\pele-thingsboard-gateway\venv\lib\site-packages\paho\mqtt\client.py", line 4614, in _create_socket
    sock = self._create_socket_connection()
  File "C:\Users\kershan.govender\Documents\Python Projects\Virtual_Environments\pele-thingsboard-gateway\venv\lib\site-packages\paho\mqtt\client.py", line 4645, in _create_socket_connection
    return socket.create_connection(addr, timeout=self._connect_timeout, source_address=source)
  File "C:\Program Files\WindowsApps\PythonSoftwareFoundation.Python.3.10_3.10.3056.0_x64__qbz5n2kfra8p0\lib\socket.py", line 845, in create_connection
    raise err
  File "C:\Program Files\WindowsApps\PythonSoftwareFoundation.Python.3.10_3.10.3056.0_x64__qbz5n2kfra8p0\lib\socket.py", line 833, in create_connection
    sock.connect(sa)
OSError: [WinError 10051] A socket operation was attempted to an unreachable network
2025-06-24 20:34:52.101 - |INFO| - [mqtt_connector.py] - mqtt_connector - _on_connect - 402 - MQTT Connector connected to 34.173.180.125:1883 - successfully.
2025-06-24 20:34:52.102 - |INFO| - [mqtt_connector.py] - mqtt_connector - _on_connect - 480 - Connector "MQTT Connector" subscribe to cpv1/#
2025-06-24 20:34:52.345 - |INFO| - [mqtt_connector.py] - mqtt_connector - _on_subscribe - 523 - ()
2025-06-24 20:34:52.346 - |INFO| - [mqtt_connector.py] - mqtt_connector - _on_subscribe - 530 - "MQTT Connector" subscription success to topic cpv1/#, subscription message id = 19
2025-06-24 21:12:54.992 - |ERROR| - [tb_logger.py] - tb_logger - exception - 182 - Error while connecting to broker MQTT Connector: [WinError 10051] A socket operation was attempted to an unreachable network
Traceback (most recent call last):
  File "C:\Users\kershan.govender\Documents\GitHub_Projects\pele-thingsboard-gateway\thingsboard_gateway\connectors\mqtt\mqtt_connector.py", line 355, in __connect
    self._client.connect(self.__broker['host'], self.__broker.get('port', 1883))
  File "C:\Users\kershan.govender\Documents\Python Projects\Virtual_Environments\pele-thingsboard-gateway\venv\lib\site-packages\paho\mqtt\client.py", line 1435, in connect
    return self.reconnect()
  File "C:\Users\kershan.govender\Documents\Python Projects\Virtual_Environments\pele-thingsboard-gateway\venv\lib\site-packages\paho\mqtt\client.py", line 1598, in reconnect
    self._sock = self._create_socket()
  File "C:\Users\kershan.govender\Documents\Python Projects\Virtual_Environments\pele-thingsboard-gateway\venv\lib\site-packages\paho\mqtt\client.py", line 4614, in _create_socket
    sock = self._create_socket_connection()
  File "C:\Users\kershan.govender\Documents\Python Projects\Virtual_Environments\pele-thingsboard-gateway\venv\lib\site-packages\paho\mqtt\client.py", line 4645, in _create_socket_connection
    return socket.create_connection(addr, timeout=self._connect_timeout, source_address=source)
  File "C:\Program Files\WindowsApps\PythonSoftwareFoundation.Python.3.10_3.10.3056.0_x64__qbz5n2kfra8p0\lib\socket.py", line 845, in create_connection
    raise err
  File "C:\Program Files\WindowsApps\PythonSoftwareFoundation.Python.3.10_3.10.3056.0_x64__qbz5n2kfra8p0\lib\socket.py", line 833, in create_connection
    sock.connect(sa)
OSError: [WinError 10051] A socket operation was attempted to an unreachable network
2025-06-24 21:12:59.398 - |INFO| - [mqtt_connector.py] - mqtt_connector - _on_connect - 402 - MQTT Connector connected to 34.173.180.125:1883 - successfully.
2025-06-24 21:12:59.399 - |INFO| - [mqtt_connector.py] - mqtt_connector - _on_connect - 480 - Connector "MQTT Connector" subscribe to cpv1/#
2025-06-24 21:12:59.757 - |INFO| - [mqtt_connector.py] - mqtt_connector - _on_subscribe - 523 - ()
2025-06-24 21:12:59.757 - |INFO| - [mqtt_connector.py] - mqtt_connector - _on_subscribe - 530 - "MQTT Connector" subscription success to topic cpv1/#, subscription message id = 20
2025-06-24 23:14:48.153 - |ERROR| - [tb_logger.py] - tb_logger - exception - 182 - Error while connecting to broker MQTT Connector: [WinError 10051] A socket operation was attempted to an unreachable network
Traceback (most recent call last):
  File "C:\Users\kershan.govender\Documents\GitHub_Projects\pele-thingsboard-gateway\thingsboard_gateway\connectors\mqtt\mqtt_connector.py", line 355, in __connect
    self._client.connect(self.__broker['host'], self.__broker.get('port', 1883))
  File "C:\Users\kershan.govender\Documents\Python Projects\Virtual_Environments\pele-thingsboard-gateway\venv\lib\site-packages\paho\mqtt\client.py", line 1435, in connect
    return self.reconnect()
  File "C:\Users\kershan.govender\Documents\Python Projects\Virtual_Environments\pele-thingsboard-gateway\venv\lib\site-packages\paho\mqtt\client.py", line 1598, in reconnect
    self._sock = self._create_socket()
  File "C:\Users\kershan.govender\Documents\Python Projects\Virtual_Environments\pele-thingsboard-gateway\venv\lib\site-packages\paho\mqtt\client.py", line 4614, in _create_socket
    sock = self._create_socket_connection()
  File "C:\Users\kershan.govender\Documents\Python Projects\Virtual_Environments\pele-thingsboard-gateway\venv\lib\site-packages\paho\mqtt\client.py", line 4645, in _create_socket_connection
    return socket.create_connection(addr, timeout=self._connect_timeout, source_address=source)
  File "C:\Program Files\WindowsApps\PythonSoftwareFoundation.Python.3.10_3.10.3056.0_x64__qbz5n2kfra8p0\lib\socket.py", line 845, in create_connection
    raise err
  File "C:\Program Files\WindowsApps\PythonSoftwareFoundation.Python.3.10_3.10.3056.0_x64__qbz5n2kfra8p0\lib\socket.py", line 833, in create_connection
    sock.connect(sa)
OSError: [WinError 10051] A socket operation was attempted to an unreachable network
2025-06-25 05:41:12.544 - |INFO| - [mqtt_connector.py] - mqtt_connector - _on_connect - 402 - MQTT Connector connected to 34.173.180.125:1883 - successfully.
2025-06-25 05:41:12.544 - |INFO| - [mqtt_connector.py] - mqtt_connector - _on_connect - 480 - Connector "MQTT Connector" subscribe to cpv1/#
2025-06-25 05:41:12.803 - |INFO| - [mqtt_connector.py] - mqtt_connector - _on_subscribe - 523 - ()
2025-06-25 05:41:12.803 - |INFO| - [mqtt_connector.py] - mqtt_connector - _on_subscribe - 530 - "MQTT Connector" subscription success to topic cpv1/#, subscription message id = 21
2025-06-25 08:12:37.958 - |ERROR| - [tb_logger.py] - tb_logger - exception - 182 - Error while connecting to broker MQTT Connector: [WinError 10065] A socket operation was attempted to an unreachable host
Traceback (most recent call last):
  File "C:\Users\kershan.govender\Documents\GitHub_Projects\pele-thingsboard-gateway\thingsboard_gateway\connectors\mqtt\mqtt_connector.py", line 355, in __connect
    self._client.connect(self.__broker['host'], self.__broker.get('port', 1883))
  File "C:\Users\kershan.govender\Documents\Python Projects\Virtual_Environments\pele-thingsboard-gateway\venv\lib\site-packages\paho\mqtt\client.py", line 1435, in connect
    return self.reconnect()
  File "C:\Users\kershan.govender\Documents\Python Projects\Virtual_Environments\pele-thingsboard-gateway\venv\lib\site-packages\paho\mqtt\client.py", line 1598, in reconnect
    self._sock = self._create_socket()
  File "C:\Users\kershan.govender\Documents\Python Projects\Virtual_Environments\pele-thingsboard-gateway\venv\lib\site-packages\paho\mqtt\client.py", line 4614, in _create_socket
    sock = self._create_socket_connection()
  File "C:\Users\kershan.govender\Documents\Python Projects\Virtual_Environments\pele-thingsboard-gateway\venv\lib\site-packages\paho\mqtt\client.py", line 4645, in _create_socket_connection
    return socket.create_connection(addr, timeout=self._connect_timeout, source_address=source)
  File "C:\Program Files\WindowsApps\PythonSoftwareFoundation.Python.3.10_3.10.3056.0_x64__qbz5n2kfra8p0\lib\socket.py", line 845, in create_connection
    raise err
  File "C:\Program Files\WindowsApps\PythonSoftwareFoundation.Python.3.10_3.10.3056.0_x64__qbz5n2kfra8p0\lib\socket.py", line 833, in create_connection
    sock.connect(sa)
OSError: [WinError 10065] A socket operation was attempted to an unreachable host
2025-06-25 08:12:41.703 - |INFO| - [mqtt_connector.py] - mqtt_connector - _on_connect - 402 - MQTT Connector connected to 34.173.180.125:1883 - successfully.
2025-06-25 08:12:41.703 - |INFO| - [mqtt_connector.py] - mqtt_connector - _on_connect - 480 - Connector "MQTT Connector" subscribe to cpv1/#
2025-06-25 08:12:42.069 - |INFO| - [mqtt_connector.py] - mqtt_connector - _on_subscribe - 523 - ()
2025-06-25 08:12:42.069 - |INFO| - [mqtt_connector.py] - mqtt_connector - _on_subscribe - 530 - "MQTT Connector" subscription success to topic cpv1/#, subscription message id = 22
2025-06-25 08:58:57.545 - |INFO| - [mqtt_connector.py] - mqtt_connector - _on_connect - 402 - MQTT Connector connected to 34.173.180.125:1883 - successfully.
2025-06-25 08:58:57.553 - |INFO| - [mqtt_connector.py] - mqtt_connector - _on_connect - 480 - Connector "MQTT Connector" subscribe to cpv1/#
2025-06-25 08:58:57.816 - |INFO| - [mqtt_connector.py] - mqtt_connector - _on_subscribe - 523 - ()
2025-06-25 08:58:57.816 - |INFO| - [mqtt_connector.py] - mqtt_connector - _on_subscribe - 530 - "MQTT Connector" subscription success to topic cpv1/#, subscription message id = 23
2025-06-25 09:10:13.263 - |INFO| - [mqtt_connector.py] - mqtt_connector - _on_connect - 402 - MQTT Connector connected to 34.173.180.125:1883 - successfully.
2025-06-25 09:10:13.263 - |INFO| - [mqtt_connector.py] - mqtt_connector - _on_connect - 480 - Connector "MQTT Connector" subscribe to cpv1/#
2025-06-25 09:10:15.027 - |INFO| - [mqtt_connector.py] - mqtt_connector - _on_connect - 402 - MQTT Connector connected to 34.173.180.125:1883 - successfully.
2025-06-25 09:10:15.027 - |INFO| - [mqtt_connector.py] - mqtt_connector - _on_connect - 480 - Connector "MQTT Connector" subscribe to cpv1/#
2025-06-25 09:10:15.275 - |INFO| - [mqtt_connector.py] - mqtt_connector - _on_subscribe - 523 - ()
2025-06-25 09:10:15.275 - |INFO| - [mqtt_connector.py] - mqtt_connector - _on_subscribe - 530 - "MQTT Connector" subscription success to topic cpv1/#, subscription message id = 25
2025-06-25 09:20:28.925 - |INFO| - [mqtt_connector.py] - mqtt_connector - _on_connect - 402 - MQTT Connector connected to 34.173.180.125:1883 - successfully.
2025-06-25 09:20:28.925 - |INFO| - [mqtt_connector.py] - mqtt_connector - _on_connect - 480 - Connector "MQTT Connector" subscribe to cpv1/#
2025-06-25 09:20:33.235 - |INFO| - [mqtt_connector.py] - mqtt_connector - _on_connect - 402 - MQTT Connector connected to 34.173.180.125:1883 - successfully.
2025-06-25 09:20:33.235 - |INFO| - [mqtt_connector.py] - mqtt_connector - _on_connect - 480 - Connector "MQTT Connector" subscribe to cpv1/#
2025-06-25 09:20:33.492 - |INFO| - [mqtt_connector.py] - mqtt_connector - _on_subscribe - 523 - ()
2025-06-25 09:20:33.492 - |INFO| - [mqtt_connector.py] - mqtt_connector - _on_subscribe - 530 - "MQTT Connector" subscription success to topic cpv1/#, subscription message id = 27
2025-06-25 09:37:45.965 - |INFO| - [mqtt_connector.py] - mqtt_connector - _on_connect - 402 - MQTT Connector connected to 34.173.180.125:1883 - successfully.
2025-06-25 09:37:45.966 - |INFO| - [mqtt_connector.py] - mqtt_connector - _on_connect - 480 - Connector "MQTT Connector" subscribe to cpv1/#
2025-06-25 09:37:46.212 - |INFO| - [mqtt_connector.py] - mqtt_connector - _on_subscribe - 523 - ()
2025-06-25 09:37:46.212 - |INFO| - [mqtt_connector.py] - mqtt_connector - _on_subscribe - 530 - "MQTT Connector" subscription success to topic cpv1/#, subscription message id = 28
2025-06-25 09:47:56.355 - |INFO| - [mqtt_connector.py] - mqtt_connector - _on_connect - 402 - MQTT Connector connected to 34.173.180.125:1883 - successfully.
2025-06-25 09:47:56.355 - |INFO| - [mqtt_connector.py] - mqtt_connector - _on_connect - 480 - Connector "MQTT Connector" subscribe to cpv1/#
2025-06-25 09:47:56.604 - |INFO| - [mqtt_connector.py] - mqtt_connector - _on_subscribe - 523 - ()
2025-06-25 09:47:56.604 - |INFO| - [mqtt_connector.py] - mqtt_connector - _on_subscribe - 530 - "MQTT Connector" subscription success to topic cpv1/#, subscription message id = 29
2025-06-25 10:09:13.495 - |INFO| - [mqtt_connector.py] - mqtt_connector - _on_connect - 402 - MQTT Connector connected to 34.173.180.125:1883 - successfully.
2025-06-25 10:09:13.495 - |INFO| - [mqtt_connector.py] - mqtt_connector - _on_connect - 480 - Connector "MQTT Connector" subscribe to cpv1/#
2025-06-25 10:09:13.755 - |INFO| - [mqtt_connector.py] - mqtt_connector - _on_subscribe - 523 - ()
2025-06-25 10:09:13.755 - |INFO| - [mqtt_connector.py] - mqtt_connector - _on_subscribe - 530 - "MQTT Connector" subscription success to topic cpv1/#, subscription message id = 30
2025-06-25 10:12:18.696 - |INFO| - [mqtt_connector.py] - mqtt_connector - _on_connect - 402 - MQTT Connector connected to 34.173.180.125:1883 - successfully.
2025-06-25 10:12:18.697 - |INFO| - [mqtt_connector.py] - mqtt_connector - _on_connect - 480 - Connector "MQTT Connector" subscribe to cpv1/#
2025-06-25 10:12:18.943 - |INFO| - [mqtt_connector.py] - mqtt_connector - _on_subscribe - 523 - ()
2025-06-25 10:12:18.943 - |INFO| - [mqtt_connector.py] - mqtt_connector - _on_subscribe - 530 - "MQTT Connector" subscription success to topic cpv1/#, subscription message id = 31
2025-06-25 10:22:29.249 - |INFO| - [mqtt_connector.py] - mqtt_connector - _on_connect - 402 - MQTT Connector connected to 34.173.180.125:1883 - successfully.
2025-06-25 10:22:29.250 - |INFO| - [mqtt_connector.py] - mqtt_connector - _on_connect - 480 - Connector "MQTT Connector" subscribe to cpv1/#
2025-06-25 10:22:29.508 - |INFO| - [mqtt_connector.py] - mqtt_connector - _on_subscribe - 523 - ()
2025-06-25 10:22:29.509 - |INFO| - [mqtt_connector.py] - mqtt_connector - _on_subscribe - 530 - "MQTT Connector" subscription success to topic cpv1/#, subscription message id = 32
2025-06-25 10:32:39.785 - |INFO| - [mqtt_connector.py] - mqtt_connector - _on_connect - 402 - MQTT Connector connected to 34.173.180.125:1883 - successfully.
2025-06-25 10:32:39.786 - |INFO| - [mqtt_connector.py] - mqtt_connector - _on_connect - 480 - Connector "MQTT Connector" subscribe to cpv1/#
2025-06-25 10:32:40.028 - |INFO| - [mqtt_connector.py] - mqtt_connector - _on_subscribe - 523 - ()
2025-06-25 10:32:40.029 - |INFO| - [mqtt_connector.py] - mqtt_connector - _on_subscribe - 530 - "MQTT Connector" subscription success to topic cpv1/#, subscription message id = 33
2025-06-25 10:42:49.964 - |INFO| - [mqtt_connector.py] - mqtt_connector - _on_connect - 402 - MQTT Connector connected to 34.173.180.125:1883 - successfully.
2025-06-25 10:42:49.965 - |INFO| - [mqtt_connector.py] - mqtt_connector - _on_connect - 480 - Connector "MQTT Connector" subscribe to cpv1/#
2025-06-25 10:42:50.230 - |INFO| - [mqtt_connector.py] - mqtt_connector - _on_subscribe - 523 - ()
2025-06-25 10:42:50.232 - |INFO| - [mqtt_connector.py] - mqtt_connector - _on_subscribe - 530 - "MQTT Connector" subscription success to topic cpv1/#, subscription message id = 34
2025-06-25 10:43:53.956 - |INFO| - [mqtt_connector.py] - mqtt_connector - _on_connect - 402 - MQTT Connector connected to 34.173.180.125:1883 - successfully.
2025-06-25 10:43:53.957 - |INFO| - [mqtt_connector.py] - mqtt_connector - _on_connect - 480 - Connector "MQTT Connector" subscribe to cpv1/#
2025-06-25 10:43:54.202 - |INFO| - [mqtt_connector.py] - mqtt_connector - _on_subscribe - 523 - ()
2025-06-25 10:43:54.203 - |INFO| - [mqtt_connector.py] - mqtt_connector - _on_subscribe - 530 - "MQTT Connector" subscription success to topic cpv1/#, subscription message id = 35
2025-06-25 10:54:04.155 - |INFO| - [mqtt_connector.py] - mqtt_connector - _on_connect - 402 - MQTT Connector connected to 34.173.180.125:1883 - successfully.
2025-06-25 10:54:04.156 - |INFO| - [mqtt_connector.py] - mqtt_connector - _on_connect - 480 - Connector "MQTT Connector" subscribe to cpv1/#
2025-06-25 10:54:04.419 - |INFO| - [mqtt_connector.py] - mqtt_connector - _on_subscribe - 523 - ()
2025-06-25 10:54:04.419 - |INFO| - [mqtt_connector.py] - mqtt_connector - _on_subscribe - 530 - "MQTT Connector" subscription success to topic cpv1/#, subscription message id = 36
2025-06-25 10:58:10.119 - |INFO| - [mqtt_connector.py] - mqtt_connector - _on_connect - 402 - MQTT Connector connected to 34.173.180.125:1883 - successfully.
2025-06-25 10:58:10.120 - |INFO| - [mqtt_connector.py] - mqtt_connector - _on_connect - 480 - Connector "MQTT Connector" subscribe to cpv1/#
2025-06-25 10:58:10.367 - |INFO| - [mqtt_connector.py] - mqtt_connector - _on_subscribe - 523 - ()
2025-06-25 10:58:10.368 - |INFO| - [mqtt_connector.py] - mqtt_connector - _on_subscribe - 530 - "MQTT Connector" subscription success to topic cpv1/#, subscription message id = 37
2025-06-25 11:08:19.856 - |INFO| - [mqtt_connector.py] - mqtt_connector - _on_connect - 402 - MQTT Connector connected to 34.173.180.125:1883 - successfully.
2025-06-25 11:08:19.857 - |INFO| - [mqtt_connector.py] - mqtt_connector - _on_connect - 480 - Connector "MQTT Connector" subscribe to cpv1/#
2025-06-25 11:08:20.119 - |INFO| - [mqtt_connector.py] - mqtt_connector - _on_subscribe - 523 - ()
2025-06-25 11:08:20.119 - |INFO| - [mqtt_connector.py] - mqtt_connector - _on_subscribe - 530 - "MQTT Connector" subscription success to topic cpv1/#, subscription message id = 38
2025-06-25 11:19:02.592 - |INFO| - [mqtt_connector.py] - mqtt_connector - _on_connect - 402 - MQTT Connector connected to 34.173.180.125:1883 - successfully.
2025-06-25 11:19:02.593 - |INFO| - [mqtt_connector.py] - mqtt_connector - _on_connect - 480 - Connector "MQTT Connector" subscribe to cpv1/#
2025-06-25 11:19:02.852 - |INFO| - [mqtt_connector.py] - mqtt_connector - _on_subscribe - 523 - ()
2025-06-25 11:19:02.853 - |INFO| - [mqtt_connector.py] - mqtt_connector - _on_subscribe - 530 - "MQTT Connector" subscription success to topic cpv1/#, subscription message id = 39
2025-06-25 11:35:23.252 - |INFO| - [mqtt_connector.py] - mqtt_connector - _on_connect - 402 - MQTT Connector connected to 34.173.180.125:1883 - successfully.
2025-06-25 11:35:23.252 - |INFO| - [mqtt_connector.py] - mqtt_connector - _on_connect - 480 - Connector "MQTT Connector" subscribe to cpv1/#
2025-06-25 11:35:25.047 - |INFO| - [mqtt_connector.py] - mqtt_connector - _on_connect - 402 - MQTT Connector connected to 34.173.180.125:1883 - successfully.
2025-06-25 11:35:25.047 - |INFO| - [mqtt_connector.py] - mqtt_connector - _on_connect - 480 - Connector "MQTT Connector" subscribe to cpv1/#
2025-06-25 11:35:25.318 - |INFO| - [mqtt_connector.py] - mqtt_connector - _on_subscribe - 523 - ()
2025-06-25 11:35:25.318 - |INFO| - [mqtt_connector.py] - mqtt_connector - _on_subscribe - 530 - "MQTT Connector" subscription success to topic cpv1/#, subscription message id = 41
2025-06-25 13:46:42.461 - |ERROR| - [mqtt_connector.py] - mqtt_connector - __connect - 367 - Error while connecting to broker MQTT Connector: timed out
2025-06-25 13:46:46.015 - |INFO| - [mqtt_connector.py] - mqtt_connector - _on_connect - 402 - MQTT Connector connected to 34.173.180.125:1883 - successfully.
2025-06-25 13:46:46.018 - |INFO| - [mqtt_connector.py] - mqtt_connector - _on_connect - 480 - Connector "MQTT Connector" subscribe to cpv1/#
2025-06-25 13:46:46.266 - |INFO| - [mqtt_connector.py] - mqtt_connector - _on_subscribe - 523 - ()
2025-06-25 13:46:46.266 - |INFO| - [mqtt_connector.py] - mqtt_connector - _on_subscribe - 530 - "MQTT Connector" subscription success to topic cpv1/#, subscription message id = 42
2025-06-25 15:48:55.449 - |INFO| - [mqtt_connector.py] - mqtt_connector - _on_connect - 402 - MQTT Connector connected to 34.173.180.125:1883 - successfully.
2025-06-25 15:48:55.453 - |INFO| - [mqtt_connector.py] - mqtt_connector - _on_connect - 480 - Connector "MQTT Connector" subscribe to cpv1/#
2025-06-25 15:48:55.592 - |ERROR| - [mqtt_connector.py] - mqtt_connector - __connect - 367 - Error while connecting to broker MQTT Connector: timed out
2025-06-25 15:48:55.719 - |INFO| - [mqtt_connector.py] - mqtt_connector - _on_subscribe - 523 - ()
2025-06-25 15:48:55.719 - |INFO| - [mqtt_connector.py] - mqtt_connector - _on_subscribe - 530 - "MQTT Connector" subscription success to topic cpv1/#, subscription message id = 43
2025-06-25 16:00:40.572 - |INFO| - [mqtt_connector.py] - mqtt_connector - _on_connect - 402 - MQTT Connector connected to 34.173.180.125:1883 - successfully.
2025-06-25 16:00:40.572 - |INFO| - [mqtt_connector.py] - mqtt_connector - _on_connect - 480 - Connector "MQTT Connector" subscribe to cpv1/#
2025-06-25 16:00:42.364 - |INFO| - [mqtt_connector.py] - mqtt_connector - _on_connect - 402 - MQTT Connector connected to 34.173.180.125:1883 - successfully.
2025-06-25 16:00:42.364 - |INFO| - [mqtt_connector.py] - mqtt_connector - _on_connect - 480 - Connector "MQTT Connector" subscribe to cpv1/#
2025-06-25 16:00:42.634 - |INFO| - [mqtt_connector.py] - mqtt_connector - _on_subscribe - 523 - ()
2025-06-25 16:00:42.634 - |INFO| - [mqtt_connector.py] - mqtt_connector - _on_subscribe - 530 - "MQTT Connector" subscription success to topic cpv1/#, subscription message id = 45
2025-06-25 17:36:27.525 - |INFO| - [mqtt_connector.py] - mqtt_connector - _on_connect - 402 - MQTT Connector connected to 34.173.180.125:1883 - successfully.
2025-06-25 17:36:27.525 - |INFO| - [mqtt_connector.py] - mqtt_connector - _on_connect - 480 - Connector "MQTT Connector" subscribe to cpv1/#
2025-06-25 17:36:27.794 - |INFO| - [mqtt_connector.py] - mqtt_connector - _on_subscribe - 523 - ()
2025-06-25 17:36:27.794 - |INFO| - [mqtt_connector.py] - mqtt_connector - _on_subscribe - 530 - "MQTT Connector" subscription success to topic cpv1/#, subscription message id = 46
2025-06-25 18:40:04.642 - |INFO| - [mqtt_connector.py] - mqtt_connector - _on_connect - 402 - MQTT Connector connected to 34.173.180.125:1883 - successfully.
2025-06-25 18:40:04.642 - |INFO| - [mqtt_connector.py] - mqtt_connector - _on_connect - 480 - Connector "MQTT Connector" subscribe to cpv1/#
2025-06-25 18:40:04.895 - |INFO| - [mqtt_connector.py] - mqtt_connector - _on_subscribe - 523 - ()
2025-06-25 18:40:04.896 - |INFO| - [mqtt_connector.py] - mqtt_connector - _on_subscribe - 530 - "MQTT Connector" subscription success to topic cpv1/#, subscription message id = 47
2025-06-25 19:11:46.906 - |ERROR| - [tb_logger.py] - tb_logger - exception - 182 - Error while connecting to broker MQTT Connector: [WinError 10051] A socket operation was attempted to an unreachable network
Traceback (most recent call last):
  File "C:\Users\kershan.govender\Documents\GitHub_Projects\pele-thingsboard-gateway\thingsboard_gateway\connectors\mqtt\mqtt_connector.py", line 355, in __connect
    self._client.connect(self.__broker['host'], self.__broker.get('port', 1883))
  File "C:\Users\kershan.govender\Documents\Python Projects\Virtual_Environments\pele-thingsboard-gateway\venv\lib\site-packages\paho\mqtt\client.py", line 1435, in connect
    return self.reconnect()
  File "C:\Users\kershan.govender\Documents\Python Projects\Virtual_Environments\pele-thingsboard-gateway\venv\lib\site-packages\paho\mqtt\client.py", line 1598, in reconnect
    self._sock = self._create_socket()
  File "C:\Users\kershan.govender\Documents\Python Projects\Virtual_Environments\pele-thingsboard-gateway\venv\lib\site-packages\paho\mqtt\client.py", line 4614, in _create_socket
    sock = self._create_socket_connection()
  File "C:\Users\kershan.govender\Documents\Python Projects\Virtual_Environments\pele-thingsboard-gateway\venv\lib\site-packages\paho\mqtt\client.py", line 4645, in _create_socket_connection
    return socket.create_connection(addr, timeout=self._connect_timeout, source_address=source)
  File "C:\Program Files\WindowsApps\PythonSoftwareFoundation.Python.3.10_3.10.3056.0_x64__qbz5n2kfra8p0\lib\socket.py", line 845, in create_connection
    raise err
  File "C:\Program Files\WindowsApps\PythonSoftwareFoundation.Python.3.10_3.10.3056.0_x64__qbz5n2kfra8p0\lib\socket.py", line 833, in create_connection
    sock.connect(sa)
OSError: [WinError 10051] A socket operation was attempted to an unreachable network
2025-06-26 01:51:24.966 - |ERROR| - [tb_logger.py] - tb_logger - exception - 182 - Error while connecting to broker MQTT Connector: [WinError 10051] A socket operation was attempted to an unreachable network
Traceback (most recent call last):
  File "C:\Users\kershan.govender\Documents\GitHub_Projects\pele-thingsboard-gateway\thingsboard_gateway\connectors\mqtt\mqtt_connector.py", line 355, in __connect
    self._client.connect(self.__broker['host'], self.__broker.get('port', 1883))
  File "C:\Users\kershan.govender\Documents\Python Projects\Virtual_Environments\pele-thingsboard-gateway\venv\lib\site-packages\paho\mqtt\client.py", line 1435, in connect
    return self.reconnect()
  File "C:\Users\kershan.govender\Documents\Python Projects\Virtual_Environments\pele-thingsboard-gateway\venv\lib\site-packages\paho\mqtt\client.py", line 1598, in reconnect
    self._sock = self._create_socket()
  File "C:\Users\kershan.govender\Documents\Python Projects\Virtual_Environments\pele-thingsboard-gateway\venv\lib\site-packages\paho\mqtt\client.py", line 4614, in _create_socket
    sock = self._create_socket_connection()
  File "C:\Users\kershan.govender\Documents\Python Projects\Virtual_Environments\pele-thingsboard-gateway\venv\lib\site-packages\paho\mqtt\client.py", line 4645, in _create_socket_connection
    return socket.create_connection(addr, timeout=self._connect_timeout, source_address=source)
  File "C:\Program Files\WindowsApps\PythonSoftwareFoundation.Python.3.10_3.10.3056.0_x64__qbz5n2kfra8p0\lib\socket.py", line 845, in create_connection
    raise err
  File "C:\Program Files\WindowsApps\PythonSoftwareFoundation.Python.3.10_3.10.3056.0_x64__qbz5n2kfra8p0\lib\socket.py", line 833, in create_connection
    sock.connect(sa)
OSError: [WinError 10051] A socket operation was attempted to an unreachable network
2025-06-26 08:21:51.089 - |INFO| - [mqtt_connector.py] - mqtt_connector - _on_connect - 402 - MQTT Connector connected to 34.173.180.125:1883 - successfully.
2025-06-26 08:21:51.089 - |INFO| - [mqtt_connector.py] - mqtt_connector - _on_connect - 480 - Connector "MQTT Connector" subscribe to cpv1/#
2025-06-26 08:21:55.387 - |INFO| - [mqtt_connector.py] - mqtt_connector - _on_connect - 402 - MQTT Connector connected to 34.173.180.125:1883 - successfully.
2025-06-26 08:21:55.387 - |INFO| - [mqtt_connector.py] - mqtt_connector - _on_connect - 480 - Connector "MQTT Connector" subscribe to cpv1/#
2025-06-26 08:21:55.645 - |INFO| - [mqtt_connector.py] - mqtt_connector - _on_subscribe - 523 - ()
2025-06-26 08:21:55.645 - |INFO| - [mqtt_connector.py] - mqtt_connector - _on_subscribe - 530 - "MQTT Connector" subscription success to topic cpv1/#, subscription message id = 49
2025-06-26 08:21:59.241 - |ERROR| - [tb_logger.py] - tb_logger - exception - 182 - Error while connecting to broker MQTT Connector: [WinError 10051] A socket operation was attempted to an unreachable network
Traceback (most recent call last):
  File "C:\Users\kershan.govender\Documents\GitHub_Projects\pele-thingsboard-gateway\thingsboard_gateway\connectors\mqtt\mqtt_connector.py", line 355, in __connect
    self._client.connect(self.__broker['host'], self.__broker.get('port', 1883))
  File "C:\Users\kershan.govender\Documents\Python Projects\Virtual_Environments\pele-thingsboard-gateway\venv\lib\site-packages\paho\mqtt\client.py", line 1435, in connect
    return self.reconnect()
  File "C:\Users\kershan.govender\Documents\Python Projects\Virtual_Environments\pele-thingsboard-gateway\venv\lib\site-packages\paho\mqtt\client.py", line 1598, in reconnect
    self._sock = self._create_socket()
  File "C:\Users\kershan.govender\Documents\Python Projects\Virtual_Environments\pele-thingsboard-gateway\venv\lib\site-packages\paho\mqtt\client.py", line 4614, in _create_socket
    sock = self._create_socket_connection()
  File "C:\Users\kershan.govender\Documents\Python Projects\Virtual_Environments\pele-thingsboard-gateway\venv\lib\site-packages\paho\mqtt\client.py", line 4645, in _create_socket_connection
    return socket.create_connection(addr, timeout=self._connect_timeout, source_address=source)
  File "C:\Program Files\WindowsApps\PythonSoftwareFoundation.Python.3.10_3.10.3056.0_x64__qbz5n2kfra8p0\lib\socket.py", line 845, in create_connection
    raise err
  File "C:\Program Files\WindowsApps\PythonSoftwareFoundation.Python.3.10_3.10.3056.0_x64__qbz5n2kfra8p0\lib\socket.py", line 833, in create_connection
    sock.connect(sa)
OSError: [WinError 10051] A socket operation was attempted to an unreachable network
2025-06-26 08:22:09.387 - |ERROR| - [tb_logger.py] - tb_logger - exception - 182 - Error while connecting to broker MQTT Connector: [WinError 10051] A socket operation was attempted to an unreachable network
Traceback (most recent call last):
  File "C:\Users\kershan.govender\Documents\GitHub_Projects\pele-thingsboard-gateway\thingsboard_gateway\connectors\mqtt\mqtt_connector.py", line 355, in __connect
    self._client.connect(self.__broker['host'], self.__broker.get('port', 1883))
  File "C:\Users\kershan.govender\Documents\Python Projects\Virtual_Environments\pele-thingsboard-gateway\venv\lib\site-packages\paho\mqtt\client.py", line 1435, in connect
    return self.reconnect()
  File "C:\Users\kershan.govender\Documents\Python Projects\Virtual_Environments\pele-thingsboard-gateway\venv\lib\site-packages\paho\mqtt\client.py", line 1598, in reconnect
    self._sock = self._create_socket()
  File "C:\Users\kershan.govender\Documents\Python Projects\Virtual_Environments\pele-thingsboard-gateway\venv\lib\site-packages\paho\mqtt\client.py", line 4614, in _create_socket
    sock = self._create_socket_connection()
  File "C:\Users\kershan.govender\Documents\Python Projects\Virtual_Environments\pele-thingsboard-gateway\venv\lib\site-packages\paho\mqtt\client.py", line 4645, in _create_socket_connection
    return socket.create_connection(addr, timeout=self._connect_timeout, source_address=source)
  File "C:\Program Files\WindowsApps\PythonSoftwareFoundation.Python.3.10_3.10.3056.0_x64__qbz5n2kfra8p0\lib\socket.py", line 845, in create_connection
    raise err
  File "C:\Program Files\WindowsApps\PythonSoftwareFoundation.Python.3.10_3.10.3056.0_x64__qbz5n2kfra8p0\lib\socket.py", line 833, in create_connection
    sock.connect(sa)
OSError: [WinError 10051] A socket operation was attempted to an unreachable network
2025-06-26 08:22:19.418 - |ERROR| - [tb_logger.py] - tb_logger - exception - 182 - Error while connecting to broker MQTT Connector: [WinError 10051] A socket operation was attempted to an unreachable network
Traceback (most recent call last):
  File "C:\Users\kershan.govender\Documents\GitHub_Projects\pele-thingsboard-gateway\thingsboard_gateway\connectors\mqtt\mqtt_connector.py", line 355, in __connect
    self._client.connect(self.__broker['host'], self.__broker.get('port', 1883))
  File "C:\Users\kershan.govender\Documents\Python Projects\Virtual_Environments\pele-thingsboard-gateway\venv\lib\site-packages\paho\mqtt\client.py", line 1435, in connect
    return self.reconnect()
  File "C:\Users\kershan.govender\Documents\Python Projects\Virtual_Environments\pele-thingsboard-gateway\venv\lib\site-packages\paho\mqtt\client.py", line 1598, in reconnect
    self._sock = self._create_socket()
  File "C:\Users\kershan.govender\Documents\Python Projects\Virtual_Environments\pele-thingsboard-gateway\venv\lib\site-packages\paho\mqtt\client.py", line 4614, in _create_socket
    sock = self._create_socket_connection()
  File "C:\Users\kershan.govender\Documents\Python Projects\Virtual_Environments\pele-thingsboard-gateway\venv\lib\site-packages\paho\mqtt\client.py", line 4645, in _create_socket_connection
    return socket.create_connection(addr, timeout=self._connect_timeout, source_address=source)
  File "C:\Program Files\WindowsApps\PythonSoftwareFoundation.Python.3.10_3.10.3056.0_x64__qbz5n2kfra8p0\lib\socket.py", line 845, in create_connection
    raise err
  File "C:\Program Files\WindowsApps\PythonSoftwareFoundation.Python.3.10_3.10.3056.0_x64__qbz5n2kfra8p0\lib\socket.py", line 833, in create_connection
    sock.connect(sa)
OSError: [WinError 10051] A socket operation was attempted to an unreachable network
2025-06-26 08:22:29.445 - |ERROR| - [tb_logger.py] - tb_logger - exception - 182 - Error while connecting to broker MQTT Connector: [WinError 10051] A socket operation was attempted to an unreachable network
Traceback (most recent call last):
  File "C:\Users\kershan.govender\Documents\GitHub_Projects\pele-thingsboard-gateway\thingsboard_gateway\connectors\mqtt\mqtt_connector.py", line 355, in __connect
    self._client.connect(self.__broker['host'], self.__broker.get('port', 1883))
  File "C:\Users\kershan.govender\Documents\Python Projects\Virtual_Environments\pele-thingsboard-gateway\venv\lib\site-packages\paho\mqtt\client.py", line 1435, in connect
    return self.reconnect()
  File "C:\Users\kershan.govender\Documents\Python Projects\Virtual_Environments\pele-thingsboard-gateway\venv\lib\site-packages\paho\mqtt\client.py", line 1598, in reconnect
    self._sock = self._create_socket()
  File "C:\Users\kershan.govender\Documents\Python Projects\Virtual_Environments\pele-thingsboard-gateway\venv\lib\site-packages\paho\mqtt\client.py", line 4614, in _create_socket
    sock = self._create_socket_connection()
  File "C:\Users\kershan.govender\Documents\Python Projects\Virtual_Environments\pele-thingsboard-gateway\venv\lib\site-packages\paho\mqtt\client.py", line 4645, in _create_socket_connection
    return socket.create_connection(addr, timeout=self._connect_timeout, source_address=source)
  File "C:\Program Files\WindowsApps\PythonSoftwareFoundation.Python.3.10_3.10.3056.0_x64__qbz5n2kfra8p0\lib\socket.py", line 845, in create_connection
    raise err
  File "C:\Program Files\WindowsApps\PythonSoftwareFoundation.Python.3.10_3.10.3056.0_x64__qbz5n2kfra8p0\lib\socket.py", line 833, in create_connection
    sock.connect(sa)
OSError: [WinError 10051] A socket operation was attempted to an unreachable network
2025-06-26 08:22:39.478 - |ERROR| - [tb_logger.py] - tb_logger - exception - 182 - Error while connecting to broker MQTT Connector: [WinError 10051] A socket operation was attempted to an unreachable network
Traceback (most recent call last):
  File "C:\Users\kershan.govender\Documents\GitHub_Projects\pele-thingsboard-gateway\thingsboard_gateway\connectors\mqtt\mqtt_connector.py", line 355, in __connect
    self._client.connect(self.__broker['host'], self.__broker.get('port', 1883))
  File "C:\Users\kershan.govender\Documents\Python Projects\Virtual_Environments\pele-thingsboard-gateway\venv\lib\site-packages\paho\mqtt\client.py", line 1435, in connect
    return self.reconnect()
  File "C:\Users\kershan.govender\Documents\Python Projects\Virtual_Environments\pele-thingsboard-gateway\venv\lib\site-packages\paho\mqtt\client.py", line 1598, in reconnect
    self._sock = self._create_socket()
  File "C:\Users\kershan.govender\Documents\Python Projects\Virtual_Environments\pele-thingsboard-gateway\venv\lib\site-packages\paho\mqtt\client.py", line 4614, in _create_socket
    sock = self._create_socket_connection()
  File "C:\Users\kershan.govender\Documents\Python Projects\Virtual_Environments\pele-thingsboard-gateway\venv\lib\site-packages\paho\mqtt\client.py", line 4645, in _create_socket_connection
    return socket.create_connection(addr, timeout=self._connect_timeout, source_address=source)
  File "C:\Program Files\WindowsApps\PythonSoftwareFoundation.Python.3.10_3.10.3056.0_x64__qbz5n2kfra8p0\lib\socket.py", line 845, in create_connection
    raise err
  File "C:\Program Files\WindowsApps\PythonSoftwareFoundation.Python.3.10_3.10.3056.0_x64__qbz5n2kfra8p0\lib\socket.py", line 833, in create_connection
    sock.connect(sa)
OSError: [WinError 10051] A socket operation was attempted to an unreachable network
2025-06-26 08:22:49.509 - |ERROR| - [tb_logger.py] - tb_logger - exception - 182 - Error while connecting to broker MQTT Connector: [WinError 10051] A socket operation was attempted to an unreachable network
Traceback (most recent call last):
  File "C:\Users\kershan.govender\Documents\GitHub_Projects\pele-thingsboard-gateway\thingsboard_gateway\connectors\mqtt\mqtt_connector.py", line 355, in __connect
    self._client.connect(self.__broker['host'], self.__broker.get('port', 1883))
  File "C:\Users\kershan.govender\Documents\Python Projects\Virtual_Environments\pele-thingsboard-gateway\venv\lib\site-packages\paho\mqtt\client.py", line 1435, in connect
    return self.reconnect()
  File "C:\Users\kershan.govender\Documents\Python Projects\Virtual_Environments\pele-thingsboard-gateway\venv\lib\site-packages\paho\mqtt\client.py", line 1598, in reconnect
    self._sock = self._create_socket()
  File "C:\Users\kershan.govender\Documents\Python Projects\Virtual_Environments\pele-thingsboard-gateway\venv\lib\site-packages\paho\mqtt\client.py", line 4614, in _create_socket
    sock = self._create_socket_connection()
  File "C:\Users\kershan.govender\Documents\Python Projects\Virtual_Environments\pele-thingsboard-gateway\venv\lib\site-packages\paho\mqtt\client.py", line 4645, in _create_socket_connection
    return socket.create_connection(addr, timeout=self._connect_timeout, source_address=source)
  File "C:\Program Files\WindowsApps\PythonSoftwareFoundation.Python.3.10_3.10.3056.0_x64__qbz5n2kfra8p0\lib\socket.py", line 845, in create_connection
    raise err
  File "C:\Program Files\WindowsApps\PythonSoftwareFoundation.Python.3.10_3.10.3056.0_x64__qbz5n2kfra8p0\lib\socket.py", line 833, in create_connection
    sock.connect(sa)
OSError: [WinError 10051] A socket operation was attempted to an unreachable network
2025-06-26 08:22:59.532 - |ERROR| - [tb_logger.py] - tb_logger - exception - 182 - Error while connecting to broker MQTT Connector: [WinError 10051] A socket operation was attempted to an unreachable network
Traceback (most recent call last):
  File "C:\Users\kershan.govender\Documents\GitHub_Projects\pele-thingsboard-gateway\thingsboard_gateway\connectors\mqtt\mqtt_connector.py", line 355, in __connect
    self._client.connect(self.__broker['host'], self.__broker.get('port', 1883))
  File "C:\Users\kershan.govender\Documents\Python Projects\Virtual_Environments\pele-thingsboard-gateway\venv\lib\site-packages\paho\mqtt\client.py", line 1435, in connect
    return self.reconnect()
  File "C:\Users\kershan.govender\Documents\Python Projects\Virtual_Environments\pele-thingsboard-gateway\venv\lib\site-packages\paho\mqtt\client.py", line 1598, in reconnect
    self._sock = self._create_socket()
  File "C:\Users\kershan.govender\Documents\Python Projects\Virtual_Environments\pele-thingsboard-gateway\venv\lib\site-packages\paho\mqtt\client.py", line 4614, in _create_socket
    sock = self._create_socket_connection()
  File "C:\Users\kershan.govender\Documents\Python Projects\Virtual_Environments\pele-thingsboard-gateway\venv\lib\site-packages\paho\mqtt\client.py", line 4645, in _create_socket_connection
    return socket.create_connection(addr, timeout=self._connect_timeout, source_address=source)
  File "C:\Program Files\WindowsApps\PythonSoftwareFoundation.Python.3.10_3.10.3056.0_x64__qbz5n2kfra8p0\lib\socket.py", line 845, in create_connection
    raise err
  File "C:\Program Files\WindowsApps\PythonSoftwareFoundation.Python.3.10_3.10.3056.0_x64__qbz5n2kfra8p0\lib\socket.py", line 833, in create_connection
    sock.connect(sa)
OSError: [WinError 10051] A socket operation was attempted to an unreachable network
2025-06-26 08:23:09.572 - |ERROR| - [tb_logger.py] - tb_logger - exception - 182 - Error while connecting to broker MQTT Connector: [WinError 10051] A socket operation was attempted to an unreachable network
Traceback (most recent call last):
  File "C:\Users\kershan.govender\Documents\GitHub_Projects\pele-thingsboard-gateway\thingsboard_gateway\connectors\mqtt\mqtt_connector.py", line 355, in __connect
    self._client.connect(self.__broker['host'], self.__broker.get('port', 1883))
  File "C:\Users\kershan.govender\Documents\Python Projects\Virtual_Environments\pele-thingsboard-gateway\venv\lib\site-packages\paho\mqtt\client.py", line 1435, in connect
    return self.reconnect()
  File "C:\Users\kershan.govender\Documents\Python Projects\Virtual_Environments\pele-thingsboard-gateway\venv\lib\site-packages\paho\mqtt\client.py", line 1598, in reconnect
    self._sock = self._create_socket()
  File "C:\Users\kershan.govender\Documents\Python Projects\Virtual_Environments\pele-thingsboard-gateway\venv\lib\site-packages\paho\mqtt\client.py", line 4614, in _create_socket
    sock = self._create_socket_connection()
  File "C:\Users\kershan.govender\Documents\Python Projects\Virtual_Environments\pele-thingsboard-gateway\venv\lib\site-packages\paho\mqtt\client.py", line 4645, in _create_socket_connection
    return socket.create_connection(addr, timeout=self._connect_timeout, source_address=source)
  File "C:\Program Files\WindowsApps\PythonSoftwareFoundation.Python.3.10_3.10.3056.0_x64__qbz5n2kfra8p0\lib\socket.py", line 845, in create_connection
    raise err
  File "C:\Program Files\WindowsApps\PythonSoftwareFoundation.Python.3.10_3.10.3056.0_x64__qbz5n2kfra8p0\lib\socket.py", line 833, in create_connection
    sock.connect(sa)
OSError: [WinError 10051] A socket operation was attempted to an unreachable network
2025-06-26 08:24:06.821 - |INFO| - [mqtt_connector.py] - mqtt_connector - _on_connect - 402 - MQTT Connector connected to 34.173.180.125:1883 - successfully.
2025-06-26 08:24:06.822 - |INFO| - [mqtt_connector.py] - mqtt_connector - _on_connect - 480 - Connector "MQTT Connector" subscribe to cpv1/#
2025-06-26 08:24:07.088 - |INFO| - [mqtt_connector.py] - mqtt_connector - _on_subscribe - 523 - ()
2025-06-26 08:24:07.088 - |INFO| - [mqtt_connector.py] - mqtt_connector - _on_subscribe - 530 - "MQTT Connector" subscription success to topic cpv1/#, subscription message id = 50
2025-06-26 08:56:22.680 - |INFO| - [mqtt_connector.py] - mqtt_connector - _on_connect - 402 - MQTT Connector connected to 34.173.180.125:1883 - successfully.
2025-06-26 08:56:22.680 - |INFO| - [mqtt_connector.py] - mqtt_connector - _on_connect - 480 - Connector "MQTT Connector" subscribe to cpv1/#
2025-06-26 08:56:22.956 - |INFO| - [mqtt_connector.py] - mqtt_connector - _on_subscribe - 523 - ()
2025-06-26 08:56:22.956 - |INFO| - [mqtt_connector.py] - mqtt_connector - _on_subscribe - 530 - "MQTT Connector" subscription success to topic cpv1/#, subscription message id = 51
2025-06-26 10:33:44.676 - |INFO| - [mqtt_connector.py] - mqtt_connector - _on_connect - 402 - MQTT Connector connected to 34.173.180.125:1883 - successfully.
2025-06-26 10:33:44.676 - |INFO| - [mqtt_connector.py] - mqtt_connector - _on_connect - 480 - Connector "MQTT Connector" subscribe to cpv1/#
2025-06-26 10:33:44.931 - |INFO| - [mqtt_connector.py] - mqtt_connector - _on_subscribe - 523 - ()
2025-06-26 10:33:44.931 - |INFO| - [mqtt_connector.py] - mqtt_connector - _on_subscribe - 530 - "MQTT Connector" subscription success to topic cpv1/#, subscription message id = 52
2025-06-26 10:44:00.277 - |INFO| - [mqtt_connector.py] - mqtt_connector - _on_connect - 402 - MQTT Connector connected to 34.173.180.125:1883 - successfully.
2025-06-26 10:44:00.278 - |INFO| - [mqtt_connector.py] - mqtt_connector - _on_connect - 480 - Connector "MQTT Connector" subscribe to cpv1/#
2025-06-26 10:44:00.536 - |INFO| - [mqtt_connector.py] - mqtt_connector - _on_subscribe - 523 - ()
2025-06-26 10:44:00.536 - |INFO| - [mqtt_connector.py] - mqtt_connector - _on_subscribe - 530 - "MQTT Connector" subscription success to topic cpv1/#, subscription message id = 53
2025-06-26 10:52:41.712 - |INFO| - [mqtt_connector.py] - mqtt_connector - _on_connect - 402 - MQTT Connector connected to 34.173.180.125:1883 - successfully.
2025-06-26 10:52:41.713 - |INFO| - [mqtt_connector.py] - mqtt_connector - _on_connect - 480 - Connector "MQTT Connector" subscribe to cpv1/#
2025-06-26 10:52:41.959 - |INFO| - [mqtt_connector.py] - mqtt_connector - _on_subscribe - 523 - ()
2025-06-26 10:52:41.960 - |INFO| - [mqtt_connector.py] - mqtt_connector - _on_subscribe - 530 - "MQTT Connector" subscription success to topic cpv1/#, subscription message id = 54
2025-06-26 11:01:48.816 - |INFO| - [mqtt_connector.py] - mqtt_connector - _on_connect - 402 - MQTT Connector connected to 34.173.180.125:1883 - successfully.
2025-06-26 11:01:48.822 - |INFO| - [mqtt_connector.py] - mqtt_connector - _on_connect - 480 - Connector "MQTT Connector" subscribe to cpv1/#
2025-06-26 11:01:49.099 - |INFO| - [mqtt_connector.py] - mqtt_connector - _on_subscribe - 523 - ()
2025-06-26 11:01:49.099 - |INFO| - [mqtt_connector.py] - mqtt_connector - _on_subscribe - 530 - "MQTT Connector" subscription success to topic cpv1/#, subscription message id = 55
2025-06-26 11:33:42.178 - |INFO| - [mqtt_connector.py] - mqtt_connector - _on_connect - 402 - MQTT Connector connected to 34.173.180.125:1883 - successfully.
2025-06-26 11:33:42.179 - |INFO| - [mqtt_connector.py] - mqtt_connector - _on_connect - 480 - Connector "MQTT Connector" subscribe to cpv1/#
2025-06-26 11:33:43.934 - |INFO| - [mqtt_connector.py] - mqtt_connector - _on_connect - 402 - MQTT Connector connected to 34.173.180.125:1883 - successfully.
2025-06-26 11:33:43.935 - |INFO| - [mqtt_connector.py] - mqtt_connector - _on_connect - 480 - Connector "MQTT Connector" subscribe to cpv1/#
2025-06-26 11:33:44.185 - |INFO| - [mqtt_connector.py] - mqtt_connector - _on_subscribe - 523 - ()
2025-06-26 11:33:44.185 - |INFO| - [mqtt_connector.py] - mqtt_connector - _on_subscribe - 530 - "MQTT Connector" subscription success to topic cpv1/#, subscription message id = 57
2025-06-26 11:42:54.188 - |INFO| - [mqtt_connector.py] - mqtt_connector - _on_connect - 402 - MQTT Connector connected to 34.173.180.125:1883 - successfully.
2025-06-26 11:42:54.188 - |INFO| - [mqtt_connector.py] - mqtt_connector - _on_connect - 480 - Connector "MQTT Connector" subscribe to cpv1/#
2025-06-26 11:42:54.447 - |INFO| - [mqtt_connector.py] - mqtt_connector - _on_subscribe - 523 - ()
2025-06-26 11:42:54.447 - |INFO| - [mqtt_connector.py] - mqtt_connector - _on_subscribe - 530 - "MQTT Connector" subscription success to topic cpv1/#, subscription message id = 58
2025-06-26 11:44:33.816 - |INFO| - [mqtt_connector.py] - mqtt_connector - _on_connect - 402 - MQTT Connector connected to 34.173.180.125:1883 - successfully.
2025-06-26 11:44:33.816 - |INFO| - [mqtt_connector.py] - mqtt_connector - _on_connect - 480 - Connector "MQTT Connector" subscribe to cpv1/#
2025-06-26 11:44:34.062 - |INFO| - [mqtt_connector.py] - mqtt_connector - _on_subscribe - 523 - ()
2025-06-26 11:44:34.063 - |INFO| - [mqtt_connector.py] - mqtt_connector - _on_subscribe - 530 - "MQTT Connector" subscription success to topic cpv1/#, subscription message id = 59
2025-06-26 11:54:44.911 - |INFO| - [mqtt_connector.py] - mqtt_connector - _on_connect - 402 - MQTT Connector connected to 34.173.180.125:1883 - successfully.
2025-06-26 11:54:44.912 - |INFO| - [mqtt_connector.py] - mqtt_connector - _on_connect - 480 - Connector "MQTT Connector" subscribe to cpv1/#
2025-06-26 11:54:45.179 - |INFO| - [mqtt_connector.py] - mqtt_connector - _on_subscribe - 523 - ()
2025-06-26 11:54:45.179 - |INFO| - [mqtt_connector.py] - mqtt_connector - _on_subscribe - 530 - "MQTT Connector" subscription success to topic cpv1/#, subscription message id = 60
2025-06-26 12:17:24.516 - |INFO| - [mqtt_connector.py] - mqtt_connector - _on_connect - 402 - MQTT Connector connected to 34.173.180.125:1883 - successfully.
2025-06-26 12:17:24.517 - |INFO| - [mqtt_connector.py] - mqtt_connector - _on_connect - 480 - Connector "MQTT Connector" subscribe to cpv1/#
2025-06-26 12:17:24.764 - |INFO| - [mqtt_connector.py] - mqtt_connector - _on_subscribe - 523 - ()
2025-06-26 12:17:24.765 - |INFO| - [mqtt_connector.py] - mqtt_connector - _on_subscribe - 530 - "MQTT Connector" subscription success to topic cpv1/#, subscription message id = 61
2025-06-26 12:27:35.172 - |INFO| - [mqtt_connector.py] - mqtt_connector - _on_connect - 402 - MQTT Connector connected to 34.173.180.125:1883 - successfully.
2025-06-26 12:27:35.172 - |INFO| - [mqtt_connector.py] - mqtt_connector - _on_connect - 480 - Connector "MQTT Connector" subscribe to cpv1/#
2025-06-26 12:27:35.431 - |INFO| - [mqtt_connector.py] - mqtt_connector - _on_subscribe - 523 - ()
2025-06-26 12:27:35.431 - |INFO| - [mqtt_connector.py] - mqtt_connector - _on_subscribe - 530 - "MQTT Connector" subscription success to topic cpv1/#, subscription message id = 62
2025-06-26 13:16:28.873 - |ERROR| - [tb_logger.py] - tb_logger - exception - 182 - Error while connecting to broker MQTT Connector: [WinError 10051] A socket operation was attempted to an unreachable network
Traceback (most recent call last):
  File "C:\Users\kershan.govender\Documents\GitHub_Projects\pele-thingsboard-gateway\thingsboard_gateway\connectors\mqtt\mqtt_connector.py", line 355, in __connect
    self._client.connect(self.__broker['host'], self.__broker.get('port', 1883))
  File "C:\Users\kershan.govender\Documents\Python Projects\Virtual_Environments\pele-thingsboard-gateway\venv\lib\site-packages\paho\mqtt\client.py", line 1435, in connect
    return self.reconnect()
  File "C:\Users\kershan.govender\Documents\Python Projects\Virtual_Environments\pele-thingsboard-gateway\venv\lib\site-packages\paho\mqtt\client.py", line 1598, in reconnect
    self._sock = self._create_socket()
  File "C:\Users\kershan.govender\Documents\Python Projects\Virtual_Environments\pele-thingsboard-gateway\venv\lib\site-packages\paho\mqtt\client.py", line 4614, in _create_socket
    sock = self._create_socket_connection()
  File "C:\Users\kershan.govender\Documents\Python Projects\Virtual_Environments\pele-thingsboard-gateway\venv\lib\site-packages\paho\mqtt\client.py", line 4645, in _create_socket_connection
    return socket.create_connection(addr, timeout=self._connect_timeout, source_address=source)
  File "C:\Program Files\WindowsApps\PythonSoftwareFoundation.Python.3.10_3.10.3056.0_x64__qbz5n2kfra8p0\lib\socket.py", line 845, in create_connection
    raise err
  File "C:\Program Files\WindowsApps\PythonSoftwareFoundation.Python.3.10_3.10.3056.0_x64__qbz5n2kfra8p0\lib\socket.py", line 833, in create_connection
    sock.connect(sa)
OSError: [WinError 10051] A socket operation was attempted to an unreachable network
2025-06-26 15:02:31.928 - |ERROR| - [tb_logger.py] - tb_logger - exception - 182 - Error while connecting to broker MQTT Connector: [WinError 10051] A socket operation was attempted to an unreachable network
Traceback (most recent call last):
  File "C:\Users\kershan.govender\Documents\GitHub_Projects\pele-thingsboard-gateway\thingsboard_gateway\connectors\mqtt\mqtt_connector.py", line 355, in __connect
    self._client.connect(self.__broker['host'], self.__broker.get('port', 1883))
  File "C:\Users\kershan.govender\Documents\Python Projects\Virtual_Environments\pele-thingsboard-gateway\venv\lib\site-packages\paho\mqtt\client.py", line 1435, in connect
    return self.reconnect()
  File "C:\Users\kershan.govender\Documents\Python Projects\Virtual_Environments\pele-thingsboard-gateway\venv\lib\site-packages\paho\mqtt\client.py", line 1598, in reconnect
    self._sock = self._create_socket()
  File "C:\Users\kershan.govender\Documents\Python Projects\Virtual_Environments\pele-thingsboard-gateway\venv\lib\site-packages\paho\mqtt\client.py", line 4614, in _create_socket
    sock = self._create_socket_connection()
  File "C:\Users\kershan.govender\Documents\Python Projects\Virtual_Environments\pele-thingsboard-gateway\venv\lib\site-packages\paho\mqtt\client.py", line 4645, in _create_socket_connection
    return socket.create_connection(addr, timeout=self._connect_timeout, source_address=source)
  File "C:\Program Files\WindowsApps\PythonSoftwareFoundation.Python.3.10_3.10.3056.0_x64__qbz5n2kfra8p0\lib\socket.py", line 845, in create_connection
    raise err
  File "C:\Program Files\WindowsApps\PythonSoftwareFoundation.Python.3.10_3.10.3056.0_x64__qbz5n2kfra8p0\lib\socket.py", line 833, in create_connection
    sock.connect(sa)
OSError: [WinError 10051] A socket operation was attempted to an unreachable network
2025-06-26 15:02:33.621 - |INFO| - [mqtt_connector.py] - mqtt_connector - _on_connect - 402 - MQTT Connector connected to 34.173.180.125:1883 - successfully.
2025-06-26 15:02:33.623 - |INFO| - [mqtt_connector.py] - mqtt_connector - _on_connect - 480 - Connector "MQTT Connector" subscribe to cpv1/#
2025-06-26 15:02:33.890 - |INFO| - [mqtt_connector.py] - mqtt_connector - _on_subscribe - 523 - ()
2025-06-26 15:02:33.890 - |INFO| - [mqtt_connector.py] - mqtt_connector - _on_subscribe - 530 - "MQTT Connector" subscription success to topic cpv1/#, subscription message id = 63
2025-06-26 15:03:37.778 - |INFO| - [mqtt_connector.py] - mqtt_connector - _on_connect - 402 - MQTT Connector connected to 34.173.180.125:1883 - successfully.
2025-06-26 15:03:37.778 - |INFO| - [mqtt_connector.py] - mqtt_connector - _on_connect - 480 - Connector "MQTT Connector" subscribe to cpv1/#
2025-06-26 15:03:38.143 - |INFO| - [mqtt_connector.py] - mqtt_connector - _on_subscribe - 523 - ()
2025-06-26 15:03:38.143 - |INFO| - [mqtt_connector.py] - mqtt_connector - _on_subscribe - 530 - "MQTT Connector" subscription success to topic cpv1/#, subscription message id = 64
2025-06-26 15:18:37.275 - |INFO| - [mqtt_connector.py] - mqtt_connector - _on_connect - 402 - MQTT Connector connected to 34.173.180.125:1883 - successfully.
2025-06-26 15:18:37.275 - |INFO| - [mqtt_connector.py] - mqtt_connector - _on_connect - 480 - Connector "MQTT Connector" subscribe to cpv1/#
2025-06-26 15:18:37.509 - |INFO| - [mqtt_connector.py] - mqtt_connector - _on_subscribe - 523 - ()
2025-06-26 15:18:37.509 - |INFO| - [mqtt_connector.py] - mqtt_connector - _on_subscribe - 530 - "MQTT Connector" subscription success to topic cpv1/#, subscription message id = 65
2025-06-26 15:18:37.969 - |ERROR| - [mqtt_connector.py] - mqtt_connector - __connect - 367 - Error while connecting to broker MQTT Connector: timed out
2025-06-26 16:40:04.660 - |ERROR| - [tb_logger.py] - tb_logger - exception - 182 - Error while connecting to broker MQTT Connector: [WinError 10051] A socket operation was attempted to an unreachable network
Traceback (most recent call last):
  File "C:\Users\kershan.govender\Documents\GitHub_Projects\pele-thingsboard-gateway\thingsboard_gateway\connectors\mqtt\mqtt_connector.py", line 355, in __connect
    self._client.connect(self.__broker['host'], self.__broker.get('port', 1883))
  File "C:\Users\kershan.govender\Documents\Python Projects\Virtual_Environments\pele-thingsboard-gateway\venv\lib\site-packages\paho\mqtt\client.py", line 1435, in connect
    return self.reconnect()
  File "C:\Users\kershan.govender\Documents\Python Projects\Virtual_Environments\pele-thingsboard-gateway\venv\lib\site-packages\paho\mqtt\client.py", line 1598, in reconnect
    self._sock = self._create_socket()
  File "C:\Users\kershan.govender\Documents\Python Projects\Virtual_Environments\pele-thingsboard-gateway\venv\lib\site-packages\paho\mqtt\client.py", line 4614, in _create_socket
    sock = self._create_socket_connection()
  File "C:\Users\kershan.govender\Documents\Python Projects\Virtual_Environments\pele-thingsboard-gateway\venv\lib\site-packages\paho\mqtt\client.py", line 4645, in _create_socket_connection
    return socket.create_connection(addr, timeout=self._connect_timeout, source_address=source)
  File "C:\Program Files\WindowsApps\PythonSoftwareFoundation.Python.3.10_3.10.3056.0_x64__qbz5n2kfra8p0\lib\socket.py", line 845, in create_connection
    raise err
  File "C:\Program Files\WindowsApps\PythonSoftwareFoundation.Python.3.10_3.10.3056.0_x64__qbz5n2kfra8p0\lib\socket.py", line 833, in create_connection
    sock.connect(sa)
OSError: [WinError 10051] A socket operation was attempted to an unreachable network
2025-06-26 17:04:33.801 - |INFO| - [mqtt_connector.py] - mqtt_connector - _on_connect - 402 - MQTT Connector connected to 34.173.180.125:1883 - successfully.
2025-06-26 17:04:33.801 - |INFO| - [mqtt_connector.py] - mqtt_connector - _on_connect - 480 - Connector "MQTT Connector" subscribe to cpv1/#
2025-06-26 17:04:35.572 - |INFO| - [mqtt_connector.py] - mqtt_connector - _on_connect - 402 - MQTT Connector connected to 34.173.180.125:1883 - successfully.
2025-06-26 17:04:35.574 - |INFO| - [mqtt_connector.py] - mqtt_connector - _on_connect - 480 - Connector "MQTT Connector" subscribe to cpv1/#
2025-06-26 17:04:35.827 - |INFO| - [mqtt_connector.py] - mqtt_connector - _on_subscribe - 523 - ()
2025-06-26 17:04:35.827 - |INFO| - [mqtt_connector.py] - mqtt_connector - _on_subscribe - 530 - "MQTT Connector" subscription success to topic cpv1/#, subscription message id = 67
2025-06-26 19:15:39.146 - |ERROR| - [tb_logger.py] - tb_logger - exception - 182 - Error while connecting to broker MQTT Connector: [WinError 10051] A socket operation was attempted to an unreachable network
Traceback (most recent call last):
  File "C:\Users\kershan.govender\Documents\GitHub_Projects\pele-thingsboard-gateway\thingsboard_gateway\connectors\mqtt\mqtt_connector.py", line 355, in __connect
    self._client.connect(self.__broker['host'], self.__broker.get('port', 1883))
  File "C:\Users\kershan.govender\Documents\Python Projects\Virtual_Environments\pele-thingsboard-gateway\venv\lib\site-packages\paho\mqtt\client.py", line 1435, in connect
    return self.reconnect()
  File "C:\Users\kershan.govender\Documents\Python Projects\Virtual_Environments\pele-thingsboard-gateway\venv\lib\site-packages\paho\mqtt\client.py", line 1598, in reconnect
    self._sock = self._create_socket()
  File "C:\Users\kershan.govender\Documents\Python Projects\Virtual_Environments\pele-thingsboard-gateway\venv\lib\site-packages\paho\mqtt\client.py", line 4614, in _create_socket
    sock = self._create_socket_connection()
  File "C:\Users\kershan.govender\Documents\Python Projects\Virtual_Environments\pele-thingsboard-gateway\venv\lib\site-packages\paho\mqtt\client.py", line 4645, in _create_socket_connection
    return socket.create_connection(addr, timeout=self._connect_timeout, source_address=source)
  File "C:\Program Files\WindowsApps\PythonSoftwareFoundation.Python.3.10_3.10.3056.0_x64__qbz5n2kfra8p0\lib\socket.py", line 845, in create_connection
    raise err
  File "C:\Program Files\WindowsApps\PythonSoftwareFoundation.Python.3.10_3.10.3056.0_x64__qbz5n2kfra8p0\lib\socket.py", line 833, in create_connection
    sock.connect(sa)
OSError: [WinError 10051] A socket operation was attempted to an unreachable network
2025-06-27 01:37:49.846 - |INFO| - [mqtt_connector.py] - mqtt_connector - _on_connect - 402 - MQTT Connector connected to 34.173.180.125:1883 - successfully.
2025-06-27 01:37:49.848 - |INFO| - [mqtt_connector.py] - mqtt_connector - _on_connect - 480 - Connector "MQTT Connector" subscribe to cpv1/#
2025-06-27 01:37:50.152 - |INFO| - [mqtt_connector.py] - mqtt_connector - _on_subscribe - 523 - ()
2025-06-27 01:37:50.152 - |INFO| - [mqtt_connector.py] - mqtt_connector - _on_subscribe - 530 - "MQTT Connector" subscription success to topic cpv1/#, subscription message id = 68
2025-07-01 12:04:43.025 - |ERROR| - [tb_logger.py] - tb_logger - exception - 182 - Error while connecting to broker MQTT Connector: [WinError 10065] A socket operation was attempted to an unreachable host
Traceback (most recent call last):
  File "C:\Users\kershan.govender\Documents\GitHub_Projects\pele-thingsboard-gateway\thingsboard_gateway\connectors\mqtt\mqtt_connector.py", line 355, in __connect
    self._client.connect(self.__broker['host'], self.__broker.get('port', 1883))
  File "C:\Users\kershan.govender\Documents\Python Projects\Virtual_Environments\pele-thingsboard-gateway\venv\lib\site-packages\paho\mqtt\client.py", line 1435, in connect
    return self.reconnect()
  File "C:\Users\kershan.govender\Documents\Python Projects\Virtual_Environments\pele-thingsboard-gateway\venv\lib\site-packages\paho\mqtt\client.py", line 1598, in reconnect
    self._sock = self._create_socket()
  File "C:\Users\kershan.govender\Documents\Python Projects\Virtual_Environments\pele-thingsboard-gateway\venv\lib\site-packages\paho\mqtt\client.py", line 4614, in _create_socket
    sock = self._create_socket_connection()
  File "C:\Users\kershan.govender\Documents\Python Projects\Virtual_Environments\pele-thingsboard-gateway\venv\lib\site-packages\paho\mqtt\client.py", line 4645, in _create_socket_connection
    return socket.create_connection(addr, timeout=self._connect_timeout, source_address=source)
  File "C:\Program Files\WindowsApps\PythonSoftwareFoundation.Python.3.10_3.10.3056.0_x64__qbz5n2kfra8p0\lib\socket.py", line 845, in create_connection
    raise err
  File "C:\Program Files\WindowsApps\PythonSoftwareFoundation.Python.3.10_3.10.3056.0_x64__qbz5n2kfra8p0\lib\socket.py", line 833, in create_connection
    sock.connect(sa)
OSError: [WinError 10065] A socket operation was attempted to an unreachable host
2025-07-01 12:04:53.272 - |ERROR| - [tb_logger.py] - tb_logger - exception - 182 - Error while connecting to broker MQTT Connector: [WinError 10065] A socket operation was attempted to an unreachable host
Traceback (most recent call last):
  File "C:\Users\kershan.govender\Documents\GitHub_Projects\pele-thingsboard-gateway\thingsboard_gateway\connectors\mqtt\mqtt_connector.py", line 355, in __connect
    self._client.connect(self.__broker['host'], self.__broker.get('port', 1883))
  File "C:\Users\kershan.govender\Documents\Python Projects\Virtual_Environments\pele-thingsboard-gateway\venv\lib\site-packages\paho\mqtt\client.py", line 1435, in connect
    return self.reconnect()
  File "C:\Users\kershan.govender\Documents\Python Projects\Virtual_Environments\pele-thingsboard-gateway\venv\lib\site-packages\paho\mqtt\client.py", line 1598, in reconnect
    self._sock = self._create_socket()
  File "C:\Users\kershan.govender\Documents\Python Projects\Virtual_Environments\pele-thingsboard-gateway\venv\lib\site-packages\paho\mqtt\client.py", line 4614, in _create_socket
    sock = self._create_socket_connection()
  File "C:\Users\kershan.govender\Documents\Python Projects\Virtual_Environments\pele-thingsboard-gateway\venv\lib\site-packages\paho\mqtt\client.py", line 4645, in _create_socket_connection
    return socket.create_connection(addr, timeout=self._connect_timeout, source_address=source)
  File "C:\Program Files\WindowsApps\PythonSoftwareFoundation.Python.3.10_3.10.3056.0_x64__qbz5n2kfra8p0\lib\socket.py", line 845, in create_connection
    raise err
  File "C:\Program Files\WindowsApps\PythonSoftwareFoundation.Python.3.10_3.10.3056.0_x64__qbz5n2kfra8p0\lib\socket.py", line 833, in create_connection
    sock.connect(sa)
OSError: [WinError 10065] A socket operation was attempted to an unreachable host
2025-07-01 12:05:03.284 - |ERROR| - [tb_logger.py] - tb_logger - exception - 182 - Error while connecting to broker MQTT Connector: [WinError 10065] A socket operation was attempted to an unreachable host
Traceback (most recent call last):
  File "C:\Users\kershan.govender\Documents\GitHub_Projects\pele-thingsboard-gateway\thingsboard_gateway\connectors\mqtt\mqtt_connector.py", line 355, in __connect
    self._client.connect(self.__broker['host'], self.__broker.get('port', 1883))
  File "C:\Users\kershan.govender\Documents\Python Projects\Virtual_Environments\pele-thingsboard-gateway\venv\lib\site-packages\paho\mqtt\client.py", line 1435, in connect
    return self.reconnect()
  File "C:\Users\kershan.govender\Documents\Python Projects\Virtual_Environments\pele-thingsboard-gateway\venv\lib\site-packages\paho\mqtt\client.py", line 1598, in reconnect
    self._sock = self._create_socket()
  File "C:\Users\kershan.govender\Documents\Python Projects\Virtual_Environments\pele-thingsboard-gateway\venv\lib\site-packages\paho\mqtt\client.py", line 4614, in _create_socket
    sock = self._create_socket_connection()
  File "C:\Users\kershan.govender\Documents\Python Projects\Virtual_Environments\pele-thingsboard-gateway\venv\lib\site-packages\paho\mqtt\client.py", line 4645, in _create_socket_connection
    return socket.create_connection(addr, timeout=self._connect_timeout, source_address=source)
  File "C:\Program Files\WindowsApps\PythonSoftwareFoundation.Python.3.10_3.10.3056.0_x64__qbz5n2kfra8p0\lib\socket.py", line 845, in create_connection
    raise err
  File "C:\Program Files\WindowsApps\PythonSoftwareFoundation.Python.3.10_3.10.3056.0_x64__qbz5n2kfra8p0\lib\socket.py", line 833, in create_connection
    sock.connect(sa)
OSError: [WinError 10065] A socket operation was attempted to an unreachable host
2025-07-01 12:05:13.309 - |ERROR| - [tb_logger.py] - tb_logger - exception - 182 - Error while connecting to broker MQTT Connector: [WinError 10065] A socket operation was attempted to an unreachable host
Traceback (most recent call last):
  File "C:\Users\kershan.govender\Documents\GitHub_Projects\pele-thingsboard-gateway\thingsboard_gateway\connectors\mqtt\mqtt_connector.py", line 355, in __connect
    self._client.connect(self.__broker['host'], self.__broker.get('port', 1883))
  File "C:\Users\kershan.govender\Documents\Python Projects\Virtual_Environments\pele-thingsboard-gateway\venv\lib\site-packages\paho\mqtt\client.py", line 1435, in connect
    return self.reconnect()
  File "C:\Users\kershan.govender\Documents\Python Projects\Virtual_Environments\pele-thingsboard-gateway\venv\lib\site-packages\paho\mqtt\client.py", line 1598, in reconnect
    self._sock = self._create_socket()
  File "C:\Users\kershan.govender\Documents\Python Projects\Virtual_Environments\pele-thingsboard-gateway\venv\lib\site-packages\paho\mqtt\client.py", line 4614, in _create_socket
    sock = self._create_socket_connection()
  File "C:\Users\kershan.govender\Documents\Python Projects\Virtual_Environments\pele-thingsboard-gateway\venv\lib\site-packages\paho\mqtt\client.py", line 4645, in _create_socket_connection
    return socket.create_connection(addr, timeout=self._connect_timeout, source_address=source)
  File "C:\Program Files\WindowsApps\PythonSoftwareFoundation.Python.3.10_3.10.3056.0_x64__qbz5n2kfra8p0\lib\socket.py", line 845, in create_connection
    raise err
  File "C:\Program Files\WindowsApps\PythonSoftwareFoundation.Python.3.10_3.10.3056.0_x64__qbz5n2kfra8p0\lib\socket.py", line 833, in create_connection
    sock.connect(sa)
OSError: [WinError 10065] A socket operation was attempted to an unreachable host
2025-07-01 12:05:23.352 - |ERROR| - [tb_logger.py] - tb_logger - exception - 182 - Error while connecting to broker MQTT Connector: [WinError 10065] A socket operation was attempted to an unreachable host
Traceback (most recent call last):
  File "C:\Users\kershan.govender\Documents\GitHub_Projects\pele-thingsboard-gateway\thingsboard_gateway\connectors\mqtt\mqtt_connector.py", line 355, in __connect
    self._client.connect(self.__broker['host'], self.__broker.get('port', 1883))
  File "C:\Users\kershan.govender\Documents\Python Projects\Virtual_Environments\pele-thingsboard-gateway\venv\lib\site-packages\paho\mqtt\client.py", line 1435, in connect
    return self.reconnect()
  File "C:\Users\kershan.govender\Documents\Python Projects\Virtual_Environments\pele-thingsboard-gateway\venv\lib\site-packages\paho\mqtt\client.py", line 1598, in reconnect
    self._sock = self._create_socket()
  File "C:\Users\kershan.govender\Documents\Python Projects\Virtual_Environments\pele-thingsboard-gateway\venv\lib\site-packages\paho\mqtt\client.py", line 4614, in _create_socket
    sock = self._create_socket_connection()
  File "C:\Users\kershan.govender\Documents\Python Projects\Virtual_Environments\pele-thingsboard-gateway\venv\lib\site-packages\paho\mqtt\client.py", line 4645, in _create_socket_connection
    return socket.create_connection(addr, timeout=self._connect_timeout, source_address=source)
  File "C:\Program Files\WindowsApps\PythonSoftwareFoundation.Python.3.10_3.10.3056.0_x64__qbz5n2kfra8p0\lib\socket.py", line 845, in create_connection
    raise err
  File "C:\Program Files\WindowsApps\PythonSoftwareFoundation.Python.3.10_3.10.3056.0_x64__qbz5n2kfra8p0\lib\socket.py", line 833, in create_connection
    sock.connect(sa)
OSError: [WinError 10065] A socket operation was attempted to an unreachable host
2025-07-01 12:05:33.383 - |ERROR| - [tb_logger.py] - tb_logger - exception - 182 - Error while connecting to broker MQTT Connector: [WinError 10065] A socket operation was attempted to an unreachable host
Traceback (most recent call last):
  File "C:\Users\kershan.govender\Documents\GitHub_Projects\pele-thingsboard-gateway\thingsboard_gateway\connectors\mqtt\mqtt_connector.py", line 355, in __connect
    self._client.connect(self.__broker['host'], self.__broker.get('port', 1883))
  File "C:\Users\kershan.govender\Documents\Python Projects\Virtual_Environments\pele-thingsboard-gateway\venv\lib\site-packages\paho\mqtt\client.py", line 1435, in connect
    return self.reconnect()
  File "C:\Users\kershan.govender\Documents\Python Projects\Virtual_Environments\pele-thingsboard-gateway\venv\lib\site-packages\paho\mqtt\client.py", line 1598, in reconnect
    self._sock = self._create_socket()
  File "C:\Users\kershan.govender\Documents\Python Projects\Virtual_Environments\pele-thingsboard-gateway\venv\lib\site-packages\paho\mqtt\client.py", line 4614, in _create_socket
    sock = self._create_socket_connection()
  File "C:\Users\kershan.govender\Documents\Python Projects\Virtual_Environments\pele-thingsboard-gateway\venv\lib\site-packages\paho\mqtt\client.py", line 4645, in _create_socket_connection
    return socket.create_connection(addr, timeout=self._connect_timeout, source_address=source)
  File "C:\Program Files\WindowsApps\PythonSoftwareFoundation.Python.3.10_3.10.3056.0_x64__qbz5n2kfra8p0\lib\socket.py", line 845, in create_connection
    raise err
  File "C:\Program Files\WindowsApps\PythonSoftwareFoundation.Python.3.10_3.10.3056.0_x64__qbz5n2kfra8p0\lib\socket.py", line 833, in create_connection
    sock.connect(sa)
OSError: [WinError 10065] A socket operation was attempted to an unreachable host
2025-07-01 12:05:43.403 - |ERROR| - [tb_logger.py] - tb_logger - exception - 182 - Error while connecting to broker MQTT Connector: [WinError 10065] A socket operation was attempted to an unreachable host
Traceback (most recent call last):
  File "C:\Users\kershan.govender\Documents\GitHub_Projects\pele-thingsboard-gateway\thingsboard_gateway\connectors\mqtt\mqtt_connector.py", line 355, in __connect
    self._client.connect(self.__broker['host'], self.__broker.get('port', 1883))
  File "C:\Users\kershan.govender\Documents\Python Projects\Virtual_Environments\pele-thingsboard-gateway\venv\lib\site-packages\paho\mqtt\client.py", line 1435, in connect
    return self.reconnect()
  File "C:\Users\kershan.govender\Documents\Python Projects\Virtual_Environments\pele-thingsboard-gateway\venv\lib\site-packages\paho\mqtt\client.py", line 1598, in reconnect
    self._sock = self._create_socket()
  File "C:\Users\kershan.govender\Documents\Python Projects\Virtual_Environments\pele-thingsboard-gateway\venv\lib\site-packages\paho\mqtt\client.py", line 4614, in _create_socket
    sock = self._create_socket_connection()
  File "C:\Users\kershan.govender\Documents\Python Projects\Virtual_Environments\pele-thingsboard-gateway\venv\lib\site-packages\paho\mqtt\client.py", line 4645, in _create_socket_connection
    return socket.create_connection(addr, timeout=self._connect_timeout, source_address=source)
  File "C:\Program Files\WindowsApps\PythonSoftwareFoundation.Python.3.10_3.10.3056.0_x64__qbz5n2kfra8p0\lib\socket.py", line 845, in create_connection
    raise err
  File "C:\Program Files\WindowsApps\PythonSoftwareFoundation.Python.3.10_3.10.3056.0_x64__qbz5n2kfra8p0\lib\socket.py", line 833, in create_connection
    sock.connect(sa)
OSError: [WinError 10065] A socket operation was attempted to an unreachable host
2025-07-01 12:05:53.422 - |ERROR| - [tb_logger.py] - tb_logger - exception - 182 - Error while connecting to broker MQTT Connector: [WinError 10065] A socket operation was attempted to an unreachable host
Traceback (most recent call last):
  File "C:\Users\kershan.govender\Documents\GitHub_Projects\pele-thingsboard-gateway\thingsboard_gateway\connectors\mqtt\mqtt_connector.py", line 355, in __connect
    self._client.connect(self.__broker['host'], self.__broker.get('port', 1883))
  File "C:\Users\kershan.govender\Documents\Python Projects\Virtual_Environments\pele-thingsboard-gateway\venv\lib\site-packages\paho\mqtt\client.py", line 1435, in connect
    return self.reconnect()
  File "C:\Users\kershan.govender\Documents\Python Projects\Virtual_Environments\pele-thingsboard-gateway\venv\lib\site-packages\paho\mqtt\client.py", line 1598, in reconnect
    self._sock = self._create_socket()
  File "C:\Users\kershan.govender\Documents\Python Projects\Virtual_Environments\pele-thingsboard-gateway\venv\lib\site-packages\paho\mqtt\client.py", line 4614, in _create_socket
    sock = self._create_socket_connection()
  File "C:\Users\kershan.govender\Documents\Python Projects\Virtual_Environments\pele-thingsboard-gateway\venv\lib\site-packages\paho\mqtt\client.py", line 4645, in _create_socket_connection
    return socket.create_connection(addr, timeout=self._connect_timeout, source_address=source)
  File "C:\Program Files\WindowsApps\PythonSoftwareFoundation.Python.3.10_3.10.3056.0_x64__qbz5n2kfra8p0\lib\socket.py", line 845, in create_connection
    raise err
  File "C:\Program Files\WindowsApps\PythonSoftwareFoundation.Python.3.10_3.10.3056.0_x64__qbz5n2kfra8p0\lib\socket.py", line 833, in create_connection
    sock.connect(sa)
OSError: [WinError 10065] A socket operation was attempted to an unreachable host
2025-07-01 12:06:03.425 - |ERROR| - [tb_logger.py] - tb_logger - exception - 182 - Error while connecting to broker MQTT Connector: [WinError 10065] A socket operation was attempted to an unreachable host
Traceback (most recent call last):
  File "C:\Users\kershan.govender\Documents\GitHub_Projects\pele-thingsboard-gateway\thingsboard_gateway\connectors\mqtt\mqtt_connector.py", line 355, in __connect
    self._client.connect(self.__broker['host'], self.__broker.get('port', 1883))
  File "C:\Users\kershan.govender\Documents\Python Projects\Virtual_Environments\pele-thingsboard-gateway\venv\lib\site-packages\paho\mqtt\client.py", line 1435, in connect
    return self.reconnect()
  File "C:\Users\kershan.govender\Documents\Python Projects\Virtual_Environments\pele-thingsboard-gateway\venv\lib\site-packages\paho\mqtt\client.py", line 1598, in reconnect
    self._sock = self._create_socket()
  File "C:\Users\kershan.govender\Documents\Python Projects\Virtual_Environments\pele-thingsboard-gateway\venv\lib\site-packages\paho\mqtt\client.py", line 4614, in _create_socket
    sock = self._create_socket_connection()
  File "C:\Users\kershan.govender\Documents\Python Projects\Virtual_Environments\pele-thingsboard-gateway\venv\lib\site-packages\paho\mqtt\client.py", line 4645, in _create_socket_connection
    return socket.create_connection(addr, timeout=self._connect_timeout, source_address=source)
  File "C:\Program Files\WindowsApps\PythonSoftwareFoundation.Python.3.10_3.10.3056.0_x64__qbz5n2kfra8p0\lib\socket.py", line 845, in create_connection
    raise err
  File "C:\Program Files\WindowsApps\PythonSoftwareFoundation.Python.3.10_3.10.3056.0_x64__qbz5n2kfra8p0\lib\socket.py", line 833, in create_connection
    sock.connect(sa)
OSError: [WinError 10065] A socket operation was attempted to an unreachable host
2025-07-01 12:06:13.466 - |ERROR| - [tb_logger.py] - tb_logger - exception - 182 - Error while connecting to broker MQTT Connector: [WinError 10065] A socket operation was attempted to an unreachable host
Traceback (most recent call last):
  File "C:\Users\kershan.govender\Documents\GitHub_Projects\pele-thingsboard-gateway\thingsboard_gateway\connectors\mqtt\mqtt_connector.py", line 355, in __connect
    self._client.connect(self.__broker['host'], self.__broker.get('port', 1883))
  File "C:\Users\kershan.govender\Documents\Python Projects\Virtual_Environments\pele-thingsboard-gateway\venv\lib\site-packages\paho\mqtt\client.py", line 1435, in connect
    return self.reconnect()
  File "C:\Users\kershan.govender\Documents\Python Projects\Virtual_Environments\pele-thingsboard-gateway\venv\lib\site-packages\paho\mqtt\client.py", line 1598, in reconnect
    self._sock = self._create_socket()
  File "C:\Users\kershan.govender\Documents\Python Projects\Virtual_Environments\pele-thingsboard-gateway\venv\lib\site-packages\paho\mqtt\client.py", line 4614, in _create_socket
    sock = self._create_socket_connection()
  File "C:\Users\kershan.govender\Documents\Python Projects\Virtual_Environments\pele-thingsboard-gateway\venv\lib\site-packages\paho\mqtt\client.py", line 4645, in _create_socket_connection
    return socket.create_connection(addr, timeout=self._connect_timeout, source_address=source)
  File "C:\Program Files\WindowsApps\PythonSoftwareFoundation.Python.3.10_3.10.3056.0_x64__qbz5n2kfra8p0\lib\socket.py", line 845, in create_connection
    raise err
  File "C:\Program Files\WindowsApps\PythonSoftwareFoundation.Python.3.10_3.10.3056.0_x64__qbz5n2kfra8p0\lib\socket.py", line 833, in create_connection
    sock.connect(sa)
OSError: [WinError 10065] A socket operation was attempted to an unreachable host
2025-07-01 12:06:23.488 - |ERROR| - [tb_logger.py] - tb_logger - exception - 182 - Error while connecting to broker MQTT Connector: [WinError 10065] A socket operation was attempted to an unreachable host
Traceback (most recent call last):
  File "C:\Users\kershan.govender\Documents\GitHub_Projects\pele-thingsboard-gateway\thingsboard_gateway\connectors\mqtt\mqtt_connector.py", line 355, in __connect
    self._client.connect(self.__broker['host'], self.__broker.get('port', 1883))
  File "C:\Users\kershan.govender\Documents\Python Projects\Virtual_Environments\pele-thingsboard-gateway\venv\lib\site-packages\paho\mqtt\client.py", line 1435, in connect
    return self.reconnect()
  File "C:\Users\kershan.govender\Documents\Python Projects\Virtual_Environments\pele-thingsboard-gateway\venv\lib\site-packages\paho\mqtt\client.py", line 1598, in reconnect
    self._sock = self._create_socket()
  File "C:\Users\kershan.govender\Documents\Python Projects\Virtual_Environments\pele-thingsboard-gateway\venv\lib\site-packages\paho\mqtt\client.py", line 4614, in _create_socket
    sock = self._create_socket_connection()
  File "C:\Users\kershan.govender\Documents\Python Projects\Virtual_Environments\pele-thingsboard-gateway\venv\lib\site-packages\paho\mqtt\client.py", line 4645, in _create_socket_connection
    return socket.create_connection(addr, timeout=self._connect_timeout, source_address=source)
  File "C:\Program Files\WindowsApps\PythonSoftwareFoundation.Python.3.10_3.10.3056.0_x64__qbz5n2kfra8p0\lib\socket.py", line 845, in create_connection
    raise err
  File "C:\Program Files\WindowsApps\PythonSoftwareFoundation.Python.3.10_3.10.3056.0_x64__qbz5n2kfra8p0\lib\socket.py", line 833, in create_connection
    sock.connect(sa)
OSError: [WinError 10065] A socket operation was attempted to an unreachable host
2025-07-01 12:06:33.543 - |ERROR| - [tb_logger.py] - tb_logger - exception - 182 - Error while connecting to broker MQTT Connector: [WinError 10065] A socket operation was attempted to an unreachable host
Traceback (most recent call last):
  File "C:\Users\kershan.govender\Documents\GitHub_Projects\pele-thingsboard-gateway\thingsboard_gateway\connectors\mqtt\mqtt_connector.py", line 355, in __connect
    self._client.connect(self.__broker['host'], self.__broker.get('port', 1883))
  File "C:\Users\kershan.govender\Documents\Python Projects\Virtual_Environments\pele-thingsboard-gateway\venv\lib\site-packages\paho\mqtt\client.py", line 1435, in connect
    return self.reconnect()
  File "C:\Users\kershan.govender\Documents\Python Projects\Virtual_Environments\pele-thingsboard-gateway\venv\lib\site-packages\paho\mqtt\client.py", line 1598, in reconnect
    self._sock = self._create_socket()
  File "C:\Users\kershan.govender\Documents\Python Projects\Virtual_Environments\pele-thingsboard-gateway\venv\lib\site-packages\paho\mqtt\client.py", line 4614, in _create_socket
    sock = self._create_socket_connection()
  File "C:\Users\kershan.govender\Documents\Python Projects\Virtual_Environments\pele-thingsboard-gateway\venv\lib\site-packages\paho\mqtt\client.py", line 4645, in _create_socket_connection
    return socket.create_connection(addr, timeout=self._connect_timeout, source_address=source)
  File "C:\Program Files\WindowsApps\PythonSoftwareFoundation.Python.3.10_3.10.3056.0_x64__qbz5n2kfra8p0\lib\socket.py", line 845, in create_connection
    raise err
  File "C:\Program Files\WindowsApps\PythonSoftwareFoundation.Python.3.10_3.10.3056.0_x64__qbz5n2kfra8p0\lib\socket.py", line 833, in create_connection
    sock.connect(sa)
OSError: [WinError 10065] A socket operation was attempted to an unreachable host
2025-07-01 12:06:43.570 - |ERROR| - [tb_logger.py] - tb_logger - exception - 182 - Error while connecting to broker MQTT Connector: [WinError 10065] A socket operation was attempted to an unreachable host
Traceback (most recent call last):
  File "C:\Users\kershan.govender\Documents\GitHub_Projects\pele-thingsboard-gateway\thingsboard_gateway\connectors\mqtt\mqtt_connector.py", line 355, in __connect
    self._client.connect(self.__broker['host'], self.__broker.get('port', 1883))
  File "C:\Users\kershan.govender\Documents\Python Projects\Virtual_Environments\pele-thingsboard-gateway\venv\lib\site-packages\paho\mqtt\client.py", line 1435, in connect
    return self.reconnect()
  File "C:\Users\kershan.govender\Documents\Python Projects\Virtual_Environments\pele-thingsboard-gateway\venv\lib\site-packages\paho\mqtt\client.py", line 1598, in reconnect
    self._sock = self._create_socket()
  File "C:\Users\kershan.govender\Documents\Python Projects\Virtual_Environments\pele-thingsboard-gateway\venv\lib\site-packages\paho\mqtt\client.py", line 4614, in _create_socket
    sock = self._create_socket_connection()
  File "C:\Users\kershan.govender\Documents\Python Projects\Virtual_Environments\pele-thingsboard-gateway\venv\lib\site-packages\paho\mqtt\client.py", line 4645, in _create_socket_connection
    return socket.create_connection(addr, timeout=self._connect_timeout, source_address=source)
  File "C:\Program Files\WindowsApps\PythonSoftwareFoundation.Python.3.10_3.10.3056.0_x64__qbz5n2kfra8p0\lib\socket.py", line 845, in create_connection
    raise err
  File "C:\Program Files\WindowsApps\PythonSoftwareFoundation.Python.3.10_3.10.3056.0_x64__qbz5n2kfra8p0\lib\socket.py", line 833, in create_connection
    sock.connect(sa)
OSError: [WinError 10065] A socket operation was attempted to an unreachable host
2025-07-01 12:06:53.603 - |ERROR| - [tb_logger.py] - tb_logger - exception - 182 - Error while connecting to broker MQTT Connector: [WinError 10065] A socket operation was attempted to an unreachable host
Traceback (most recent call last):
  File "C:\Users\kershan.govender\Documents\GitHub_Projects\pele-thingsboard-gateway\thingsboard_gateway\connectors\mqtt\mqtt_connector.py", line 355, in __connect
    self._client.connect(self.__broker['host'], self.__broker.get('port', 1883))
  File "C:\Users\kershan.govender\Documents\Python Projects\Virtual_Environments\pele-thingsboard-gateway\venv\lib\site-packages\paho\mqtt\client.py", line 1435, in connect
    return self.reconnect()
  File "C:\Users\kershan.govender\Documents\Python Projects\Virtual_Environments\pele-thingsboard-gateway\venv\lib\site-packages\paho\mqtt\client.py", line 1598, in reconnect
    self._sock = self._create_socket()
  File "C:\Users\kershan.govender\Documents\Python Projects\Virtual_Environments\pele-thingsboard-gateway\venv\lib\site-packages\paho\mqtt\client.py", line 4614, in _create_socket
    sock = self._create_socket_connection()
  File "C:\Users\kershan.govender\Documents\Python Projects\Virtual_Environments\pele-thingsboard-gateway\venv\lib\site-packages\paho\mqtt\client.py", line 4645, in _create_socket_connection
    return socket.create_connection(addr, timeout=self._connect_timeout, source_address=source)
  File "C:\Program Files\WindowsApps\PythonSoftwareFoundation.Python.3.10_3.10.3056.0_x64__qbz5n2kfra8p0\lib\socket.py", line 845, in create_connection
    raise err
  File "C:\Program Files\WindowsApps\PythonSoftwareFoundation.Python.3.10_3.10.3056.0_x64__qbz5n2kfra8p0\lib\socket.py", line 833, in create_connection
    sock.connect(sa)
OSError: [WinError 10065] A socket operation was attempted to an unreachable host
2025-07-01 12:07:03.613 - |ERROR| - [tb_logger.py] - tb_logger - exception - 182 - Error while connecting to broker MQTT Connector: [WinError 10065] A socket operation was attempted to an unreachable host
Traceback (most recent call last):
  File "C:\Users\kershan.govender\Documents\GitHub_Projects\pele-thingsboard-gateway\thingsboard_gateway\connectors\mqtt\mqtt_connector.py", line 355, in __connect
    self._client.connect(self.__broker['host'], self.__broker.get('port', 1883))
  File "C:\Users\kershan.govender\Documents\Python Projects\Virtual_Environments\pele-thingsboard-gateway\venv\lib\site-packages\paho\mqtt\client.py", line 1435, in connect
    return self.reconnect()
  File "C:\Users\kershan.govender\Documents\Python Projects\Virtual_Environments\pele-thingsboard-gateway\venv\lib\site-packages\paho\mqtt\client.py", line 1598, in reconnect
    self._sock = self._create_socket()
  File "C:\Users\kershan.govender\Documents\Python Projects\Virtual_Environments\pele-thingsboard-gateway\venv\lib\site-packages\paho\mqtt\client.py", line 4614, in _create_socket
    sock = self._create_socket_connection()
  File "C:\Users\kershan.govender\Documents\Python Projects\Virtual_Environments\pele-thingsboard-gateway\venv\lib\site-packages\paho\mqtt\client.py", line 4645, in _create_socket_connection
    return socket.create_connection(addr, timeout=self._connect_timeout, source_address=source)
  File "C:\Program Files\WindowsApps\PythonSoftwareFoundation.Python.3.10_3.10.3056.0_x64__qbz5n2kfra8p0\lib\socket.py", line 845, in create_connection
    raise err
  File "C:\Program Files\WindowsApps\PythonSoftwareFoundation.Python.3.10_3.10.3056.0_x64__qbz5n2kfra8p0\lib\socket.py", line 833, in create_connection
    sock.connect(sa)
OSError: [WinError 10065] A socket operation was attempted to an unreachable host
2025-07-01 12:07:13.647 - |ERROR| - [tb_logger.py] - tb_logger - exception - 182 - Error while connecting to broker MQTT Connector: [WinError 10065] A socket operation was attempted to an unreachable host
Traceback (most recent call last):
  File "C:\Users\kershan.govender\Documents\GitHub_Projects\pele-thingsboard-gateway\thingsboard_gateway\connectors\mqtt\mqtt_connector.py", line 355, in __connect
    self._client.connect(self.__broker['host'], self.__broker.get('port', 1883))
  File "C:\Users\kershan.govender\Documents\Python Projects\Virtual_Environments\pele-thingsboard-gateway\venv\lib\site-packages\paho\mqtt\client.py", line 1435, in connect
    return self.reconnect()
  File "C:\Users\kershan.govender\Documents\Python Projects\Virtual_Environments\pele-thingsboard-gateway\venv\lib\site-packages\paho\mqtt\client.py", line 1598, in reconnect
    self._sock = self._create_socket()
  File "C:\Users\kershan.govender\Documents\Python Projects\Virtual_Environments\pele-thingsboard-gateway\venv\lib\site-packages\paho\mqtt\client.py", line 4614, in _create_socket
    sock = self._create_socket_connection()
  File "C:\Users\kershan.govender\Documents\Python Projects\Virtual_Environments\pele-thingsboard-gateway\venv\lib\site-packages\paho\mqtt\client.py", line 4645, in _create_socket_connection
    return socket.create_connection(addr, timeout=self._connect_timeout, source_address=source)
  File "C:\Program Files\WindowsApps\PythonSoftwareFoundation.Python.3.10_3.10.3056.0_x64__qbz5n2kfra8p0\lib\socket.py", line 845, in create_connection
    raise err
  File "C:\Program Files\WindowsApps\PythonSoftwareFoundation.Python.3.10_3.10.3056.0_x64__qbz5n2kfra8p0\lib\socket.py", line 833, in create_connection
    sock.connect(sa)
OSError: [WinError 10065] A socket operation was attempted to an unreachable host
2025-07-01 12:07:23.670 - |ERROR| - [tb_logger.py] - tb_logger - exception - 182 - Error while connecting to broker MQTT Connector: [WinError 10065] A socket operation was attempted to an unreachable host
Traceback (most recent call last):
  File "C:\Users\kershan.govender\Documents\GitHub_Projects\pele-thingsboard-gateway\thingsboard_gateway\connectors\mqtt\mqtt_connector.py", line 355, in __connect
    self._client.connect(self.__broker['host'], self.__broker.get('port', 1883))
  File "C:\Users\kershan.govender\Documents\Python Projects\Virtual_Environments\pele-thingsboard-gateway\venv\lib\site-packages\paho\mqtt\client.py", line 1435, in connect
    return self.reconnect()
  File "C:\Users\kershan.govender\Documents\Python Projects\Virtual_Environments\pele-thingsboard-gateway\venv\lib\site-packages\paho\mqtt\client.py", line 1598, in reconnect
    self._sock = self._create_socket()
  File "C:\Users\kershan.govender\Documents\Python Projects\Virtual_Environments\pele-thingsboard-gateway\venv\lib\site-packages\paho\mqtt\client.py", line 4614, in _create_socket
    sock = self._create_socket_connection()
  File "C:\Users\kershan.govender\Documents\Python Projects\Virtual_Environments\pele-thingsboard-gateway\venv\lib\site-packages\paho\mqtt\client.py", line 4645, in _create_socket_connection
    return socket.create_connection(addr, timeout=self._connect_timeout, source_address=source)
  File "C:\Program Files\WindowsApps\PythonSoftwareFoundation.Python.3.10_3.10.3056.0_x64__qbz5n2kfra8p0\lib\socket.py", line 845, in create_connection
    raise err
  File "C:\Program Files\WindowsApps\PythonSoftwareFoundation.Python.3.10_3.10.3056.0_x64__qbz5n2kfra8p0\lib\socket.py", line 833, in create_connection
    sock.connect(sa)
OSError: [WinError 10065] A socket operation was attempted to an unreachable host
2025-07-01 12:07:33.695 - |ERROR| - [tb_logger.py] - tb_logger - exception - 182 - Error while connecting to broker MQTT Connector: [WinError 10065] A socket operation was attempted to an unreachable host
Traceback (most recent call last):
  File "C:\Users\kershan.govender\Documents\GitHub_Projects\pele-thingsboard-gateway\thingsboard_gateway\connectors\mqtt\mqtt_connector.py", line 355, in __connect
    self._client.connect(self.__broker['host'], self.__broker.get('port', 1883))
  File "C:\Users\kershan.govender\Documents\Python Projects\Virtual_Environments\pele-thingsboard-gateway\venv\lib\site-packages\paho\mqtt\client.py", line 1435, in connect
    return self.reconnect()
  File "C:\Users\kershan.govender\Documents\Python Projects\Virtual_Environments\pele-thingsboard-gateway\venv\lib\site-packages\paho\mqtt\client.py", line 1598, in reconnect
    self._sock = self._create_socket()
  File "C:\Users\kershan.govender\Documents\Python Projects\Virtual_Environments\pele-thingsboard-gateway\venv\lib\site-packages\paho\mqtt\client.py", line 4614, in _create_socket
    sock = self._create_socket_connection()
  File "C:\Users\kershan.govender\Documents\Python Projects\Virtual_Environments\pele-thingsboard-gateway\venv\lib\site-packages\paho\mqtt\client.py", line 4645, in _create_socket_connection
    return socket.create_connection(addr, timeout=self._connect_timeout, source_address=source)
  File "C:\Program Files\WindowsApps\PythonSoftwareFoundation.Python.3.10_3.10.3056.0_x64__qbz5n2kfra8p0\lib\socket.py", line 845, in create_connection
    raise err
  File "C:\Program Files\WindowsApps\PythonSoftwareFoundation.Python.3.10_3.10.3056.0_x64__qbz5n2kfra8p0\lib\socket.py", line 833, in create_connection
    sock.connect(sa)
OSError: [WinError 10065] A socket operation was attempted to an unreachable host
2025-07-01 12:07:43.718 - |ERROR| - [tb_logger.py] - tb_logger - exception - 182 - Error while connecting to broker MQTT Connector: [WinError 10065] A socket operation was attempted to an unreachable host
Traceback (most recent call last):
  File "C:\Users\kershan.govender\Documents\GitHub_Projects\pele-thingsboard-gateway\thingsboard_gateway\connectors\mqtt\mqtt_connector.py", line 355, in __connect
    self._client.connect(self.__broker['host'], self.__broker.get('port', 1883))
  File "C:\Users\kershan.govender\Documents\Python Projects\Virtual_Environments\pele-thingsboard-gateway\venv\lib\site-packages\paho\mqtt\client.py", line 1435, in connect
    return self.reconnect()
  File "C:\Users\kershan.govender\Documents\Python Projects\Virtual_Environments\pele-thingsboard-gateway\venv\lib\site-packages\paho\mqtt\client.py", line 1598, in reconnect
    self._sock = self._create_socket()
  File "C:\Users\kershan.govender\Documents\Python Projects\Virtual_Environments\pele-thingsboard-gateway\venv\lib\site-packages\paho\mqtt\client.py", line 4614, in _create_socket
    sock = self._create_socket_connection()
  File "C:\Users\kershan.govender\Documents\Python Projects\Virtual_Environments\pele-thingsboard-gateway\venv\lib\site-packages\paho\mqtt\client.py", line 4645, in _create_socket_connection
    return socket.create_connection(addr, timeout=self._connect_timeout, source_address=source)
  File "C:\Program Files\WindowsApps\PythonSoftwareFoundation.Python.3.10_3.10.3056.0_x64__qbz5n2kfra8p0\lib\socket.py", line 845, in create_connection
    raise err
  File "C:\Program Files\WindowsApps\PythonSoftwareFoundation.Python.3.10_3.10.3056.0_x64__qbz5n2kfra8p0\lib\socket.py", line 833, in create_connection
    sock.connect(sa)
OSError: [WinError 10065] A socket operation was attempted to an unreachable host
2025-07-01 12:07:53.734 - |ERROR| - [tb_logger.py] - tb_logger - exception - 182 - Error while connecting to broker MQTT Connector: [WinError 10065] A socket operation was attempted to an unreachable host
Traceback (most recent call last):
  File "C:\Users\kershan.govender\Documents\GitHub_Projects\pele-thingsboard-gateway\thingsboard_gateway\connectors\mqtt\mqtt_connector.py", line 355, in __connect
    self._client.connect(self.__broker['host'], self.__broker.get('port', 1883))
  File "C:\Users\kershan.govender\Documents\Python Projects\Virtual_Environments\pele-thingsboard-gateway\venv\lib\site-packages\paho\mqtt\client.py", line 1435, in connect
    return self.reconnect()
  File "C:\Users\kershan.govender\Documents\Python Projects\Virtual_Environments\pele-thingsboard-gateway\venv\lib\site-packages\paho\mqtt\client.py", line 1598, in reconnect
    self._sock = self._create_socket()
  File "C:\Users\kershan.govender\Documents\Python Projects\Virtual_Environments\pele-thingsboard-gateway\venv\lib\site-packages\paho\mqtt\client.py", line 4614, in _create_socket
    sock = self._create_socket_connection()
  File "C:\Users\kershan.govender\Documents\Python Projects\Virtual_Environments\pele-thingsboard-gateway\venv\lib\site-packages\paho\mqtt\client.py", line 4645, in _create_socket_connection
    return socket.create_connection(addr, timeout=self._connect_timeout, source_address=source)
  File "C:\Program Files\WindowsApps\PythonSoftwareFoundation.Python.3.10_3.10.3056.0_x64__qbz5n2kfra8p0\lib\socket.py", line 845, in create_connection
    raise err
  File "C:\Program Files\WindowsApps\PythonSoftwareFoundation.Python.3.10_3.10.3056.0_x64__qbz5n2kfra8p0\lib\socket.py", line 833, in create_connection
    sock.connect(sa)
OSError: [WinError 10065] A socket operation was attempted to an unreachable host
2025-07-01 12:08:03.753 - |ERROR| - [tb_logger.py] - tb_logger - exception - 182 - Error while connecting to broker MQTT Connector: [WinError 10065] A socket operation was attempted to an unreachable host
Traceback (most recent call last):
  File "C:\Users\kershan.govender\Documents\GitHub_Projects\pele-thingsboard-gateway\thingsboard_gateway\connectors\mqtt\mqtt_connector.py", line 355, in __connect
    self._client.connect(self.__broker['host'], self.__broker.get('port', 1883))
  File "C:\Users\kershan.govender\Documents\Python Projects\Virtual_Environments\pele-thingsboard-gateway\venv\lib\site-packages\paho\mqtt\client.py", line 1435, in connect
    return self.reconnect()
  File "C:\Users\kershan.govender\Documents\Python Projects\Virtual_Environments\pele-thingsboard-gateway\venv\lib\site-packages\paho\mqtt\client.py", line 1598, in reconnect
    self._sock = self._create_socket()
  File "C:\Users\kershan.govender\Documents\Python Projects\Virtual_Environments\pele-thingsboard-gateway\venv\lib\site-packages\paho\mqtt\client.py", line 4614, in _create_socket
    sock = self._create_socket_connection()
  File "C:\Users\kershan.govender\Documents\Python Projects\Virtual_Environments\pele-thingsboard-gateway\venv\lib\site-packages\paho\mqtt\client.py", line 4645, in _create_socket_connection
    return socket.create_connection(addr, timeout=self._connect_timeout, source_address=source)
  File "C:\Program Files\WindowsApps\PythonSoftwareFoundation.Python.3.10_3.10.3056.0_x64__qbz5n2kfra8p0\lib\socket.py", line 845, in create_connection
    raise err
  File "C:\Program Files\WindowsApps\PythonSoftwareFoundation.Python.3.10_3.10.3056.0_x64__qbz5n2kfra8p0\lib\socket.py", line 833, in create_connection
    sock.connect(sa)
OSError: [WinError 10065] A socket operation was attempted to an unreachable host
2025-07-01 12:08:13.761 - |ERROR| - [tb_logger.py] - tb_logger - exception - 182 - Error while connecting to broker MQTT Connector: [WinError 10065] A socket operation was attempted to an unreachable host
Traceback (most recent call last):
  File "C:\Users\kershan.govender\Documents\GitHub_Projects\pele-thingsboard-gateway\thingsboard_gateway\connectors\mqtt\mqtt_connector.py", line 355, in __connect
    self._client.connect(self.__broker['host'], self.__broker.get('port', 1883))
  File "C:\Users\kershan.govender\Documents\Python Projects\Virtual_Environments\pele-thingsboard-gateway\venv\lib\site-packages\paho\mqtt\client.py", line 1435, in connect
    return self.reconnect()
  File "C:\Users\kershan.govender\Documents\Python Projects\Virtual_Environments\pele-thingsboard-gateway\venv\lib\site-packages\paho\mqtt\client.py", line 1598, in reconnect
    self._sock = self._create_socket()
  File "C:\Users\kershan.govender\Documents\Python Projects\Virtual_Environments\pele-thingsboard-gateway\venv\lib\site-packages\paho\mqtt\client.py", line 4614, in _create_socket
    sock = self._create_socket_connection()
  File "C:\Users\kershan.govender\Documents\Python Projects\Virtual_Environments\pele-thingsboard-gateway\venv\lib\site-packages\paho\mqtt\client.py", line 4645, in _create_socket_connection
    return socket.create_connection(addr, timeout=self._connect_timeout, source_address=source)
  File "C:\Program Files\WindowsApps\PythonSoftwareFoundation.Python.3.10_3.10.3056.0_x64__qbz5n2kfra8p0\lib\socket.py", line 845, in create_connection
    raise err
  File "C:\Program Files\WindowsApps\PythonSoftwareFoundation.Python.3.10_3.10.3056.0_x64__qbz5n2kfra8p0\lib\socket.py", line 833, in create_connection
    sock.connect(sa)
OSError: [WinError 10065] A socket operation was attempted to an unreachable host
2025-07-01 12:08:23.800 - |ERROR| - [tb_logger.py] - tb_logger - exception - 182 - Error while connecting to broker MQTT Connector: [WinError 10065] A socket operation was attempted to an unreachable host
Traceback (most recent call last):
  File "C:\Users\kershan.govender\Documents\GitHub_Projects\pele-thingsboard-gateway\thingsboard_gateway\connectors\mqtt\mqtt_connector.py", line 355, in __connect
    self._client.connect(self.__broker['host'], self.__broker.get('port', 1883))
  File "C:\Users\kershan.govender\Documents\Python Projects\Virtual_Environments\pele-thingsboard-gateway\venv\lib\site-packages\paho\mqtt\client.py", line 1435, in connect
    return self.reconnect()
  File "C:\Users\kershan.govender\Documents\Python Projects\Virtual_Environments\pele-thingsboard-gateway\venv\lib\site-packages\paho\mqtt\client.py", line 1598, in reconnect
    self._sock = self._create_socket()
  File "C:\Users\kershan.govender\Documents\Python Projects\Virtual_Environments\pele-thingsboard-gateway\venv\lib\site-packages\paho\mqtt\client.py", line 4614, in _create_socket
    sock = self._create_socket_connection()
  File "C:\Users\kershan.govender\Documents\Python Projects\Virtual_Environments\pele-thingsboard-gateway\venv\lib\site-packages\paho\mqtt\client.py", line 4645, in _create_socket_connection
    return socket.create_connection(addr, timeout=self._connect_timeout, source_address=source)
  File "C:\Program Files\WindowsApps\PythonSoftwareFoundation.Python.3.10_3.10.3056.0_x64__qbz5n2kfra8p0\lib\socket.py", line 845, in create_connection
    raise err
  File "C:\Program Files\WindowsApps\PythonSoftwareFoundation.Python.3.10_3.10.3056.0_x64__qbz5n2kfra8p0\lib\socket.py", line 833, in create_connection
    sock.connect(sa)
OSError: [WinError 10065] A socket operation was attempted to an unreachable host
2025-07-01 12:08:33.863 - |ERROR| - [tb_logger.py] - tb_logger - exception - 182 - Error while connecting to broker MQTT Connector: [WinError 10051] A socket operation was attempted to an unreachable network
Traceback (most recent call last):
  File "C:\Users\kershan.govender\Documents\GitHub_Projects\pele-thingsboard-gateway\thingsboard_gateway\connectors\mqtt\mqtt_connector.py", line 355, in __connect
    self._client.connect(self.__broker['host'], self.__broker.get('port', 1883))
  File "C:\Users\kershan.govender\Documents\Python Projects\Virtual_Environments\pele-thingsboard-gateway\venv\lib\site-packages\paho\mqtt\client.py", line 1435, in connect
    return self.reconnect()
  File "C:\Users\kershan.govender\Documents\Python Projects\Virtual_Environments\pele-thingsboard-gateway\venv\lib\site-packages\paho\mqtt\client.py", line 1598, in reconnect
    self._sock = self._create_socket()
  File "C:\Users\kershan.govender\Documents\Python Projects\Virtual_Environments\pele-thingsboard-gateway\venv\lib\site-packages\paho\mqtt\client.py", line 4614, in _create_socket
    sock = self._create_socket_connection()
  File "C:\Users\kershan.govender\Documents\Python Projects\Virtual_Environments\pele-thingsboard-gateway\venv\lib\site-packages\paho\mqtt\client.py", line 4645, in _create_socket_connection
    return socket.create_connection(addr, timeout=self._connect_timeout, source_address=source)
  File "C:\Program Files\WindowsApps\PythonSoftwareFoundation.Python.3.10_3.10.3056.0_x64__qbz5n2kfra8p0\lib\socket.py", line 845, in create_connection
    raise err
  File "C:\Program Files\WindowsApps\PythonSoftwareFoundation.Python.3.10_3.10.3056.0_x64__qbz5n2kfra8p0\lib\socket.py", line 833, in create_connection
    sock.connect(sa)
OSError: [WinError 10051] A socket operation was attempted to an unreachable network
2025-07-01 12:10:43.010 - |INFO| - [mqtt_connector.py] - mqtt_connector - _on_connect - 402 - MQTT Connector connected to 34.173.180.125:1883 - successfully.
2025-07-01 12:10:43.010 - |INFO| - [mqtt_connector.py] - mqtt_connector - _on_connect - 480 - Connector "MQTT Connector" subscribe to cpv1/#
2025-07-01 12:10:44.870 - |INFO| - [mqtt_connector.py] - mqtt_connector - _on_connect - 402 - MQTT Connector connected to 34.173.180.125:1883 - successfully.
2025-07-01 12:10:44.870 - |INFO| - [mqtt_connector.py] - mqtt_connector - _on_connect - 480 - Connector "MQTT Connector" subscribe to cpv1/#
2025-07-01 12:10:45.133 - |INFO| - [mqtt_connector.py] - mqtt_connector - _on_subscribe - 523 - ()
2025-07-01 12:10:45.133 - |INFO| - [mqtt_connector.py] - mqtt_connector - _on_subscribe - 530 - "MQTT Connector" subscription success to topic cpv1/#, subscription message id = 70
2025-07-01 12:13:46.671 - |INFO| - [mqtt_connector.py] - mqtt_connector - close - 383 - MQTT Connector has been stopped.
2025-07-07 08:31:04.238 - |INFO| - [mqtt_connector.py] - mqtt_connector - load_handlers - 314 - Number of accepted mapping handlers: 1
2025-07-07 08:31:04.264 - |ERROR| - [tb_logger.py] - tb_logger - exception - 182 - Error while connecting to broker MQTT Connector: [WinError 10049] The requested address is not valid in its context
Traceback (most recent call last):
  File "C:\Users\kershan.govender\Documents\GitHub_Projects\pele-thingsboard-gateway\thingsboard_gateway\connectors\mqtt\mqtt_connector.py", line 355, in __connect
    self._client.connect(self.__broker['host'], self.__broker.get('port', 1883))
  File "C:\Users\kershan.govender\Documents\Python Projects\Virtual_Environments\pele-thingsboard-gateway\venv\lib\site-packages\paho\mqtt\client.py", line 1435, in connect
    return self.reconnect()
  File "C:\Users\kershan.govender\Documents\Python Projects\Virtual_Environments\pele-thingsboard-gateway\venv\lib\site-packages\paho\mqtt\client.py", line 1598, in reconnect
    self._sock = self._create_socket()
  File "C:\Users\kershan.govender\Documents\Python Projects\Virtual_Environments\pele-thingsboard-gateway\venv\lib\site-packages\paho\mqtt\client.py", line 4614, in _create_socket
    sock = self._create_socket_connection()
  File "C:\Users\kershan.govender\Documents\Python Projects\Virtual_Environments\pele-thingsboard-gateway\venv\lib\site-packages\paho\mqtt\client.py", line 4645, in _create_socket_connection
    return socket.create_connection(addr, timeout=self._connect_timeout, source_address=source)
  File "C:\Program Files\WindowsApps\PythonSoftwareFoundation.Python.3.10_3.10.3056.0_x64__qbz5n2kfra8p0\lib\socket.py", line 845, in create_connection
    raise err
  File "C:\Program Files\WindowsApps\PythonSoftwareFoundation.Python.3.10_3.10.3056.0_x64__qbz5n2kfra8p0\lib\socket.py", line 833, in create_connection
    sock.connect(sa)
OSError: [WinError 10049] The requested address is not valid in its context
2025-07-07 08:31:14.286 - |ERROR| - [tb_logger.py] - tb_logger - exception - 182 - Error while connecting to broker MQTT Connector: [WinError 10049] The requested address is not valid in its context
Traceback (most recent call last):
  File "C:\Users\kershan.govender\Documents\GitHub_Projects\pele-thingsboard-gateway\thingsboard_gateway\connectors\mqtt\mqtt_connector.py", line 355, in __connect
    self._client.connect(self.__broker['host'], self.__broker.get('port', 1883))
  File "C:\Users\kershan.govender\Documents\Python Projects\Virtual_Environments\pele-thingsboard-gateway\venv\lib\site-packages\paho\mqtt\client.py", line 1435, in connect
    return self.reconnect()
  File "C:\Users\kershan.govender\Documents\Python Projects\Virtual_Environments\pele-thingsboard-gateway\venv\lib\site-packages\paho\mqtt\client.py", line 1598, in reconnect
    self._sock = self._create_socket()
  File "C:\Users\kershan.govender\Documents\Python Projects\Virtual_Environments\pele-thingsboard-gateway\venv\lib\site-packages\paho\mqtt\client.py", line 4614, in _create_socket
    sock = self._create_socket_connection()
  File "C:\Users\kershan.govender\Documents\Python Projects\Virtual_Environments\pele-thingsboard-gateway\venv\lib\site-packages\paho\mqtt\client.py", line 4645, in _create_socket_connection
    return socket.create_connection(addr, timeout=self._connect_timeout, source_address=source)
  File "C:\Program Files\WindowsApps\PythonSoftwareFoundation.Python.3.10_3.10.3056.0_x64__qbz5n2kfra8p0\lib\socket.py", line 845, in create_connection
    raise err
  File "C:\Program Files\WindowsApps\PythonSoftwareFoundation.Python.3.10_3.10.3056.0_x64__qbz5n2kfra8p0\lib\socket.py", line 833, in create_connection
    sock.connect(sa)
OSError: [WinError 10049] The requested address is not valid in its context
2025-07-07 08:31:24.304 - |ERROR| - [tb_logger.py] - tb_logger - exception - 182 - Error while connecting to broker MQTT Connector: [WinError 10049] The requested address is not valid in its context
Traceback (most recent call last):
  File "C:\Users\kershan.govender\Documents\GitHub_Projects\pele-thingsboard-gateway\thingsboard_gateway\connectors\mqtt\mqtt_connector.py", line 355, in __connect
    self._client.connect(self.__broker['host'], self.__broker.get('port', 1883))
  File "C:\Users\kershan.govender\Documents\Python Projects\Virtual_Environments\pele-thingsboard-gateway\venv\lib\site-packages\paho\mqtt\client.py", line 1435, in connect
    return self.reconnect()
  File "C:\Users\kershan.govender\Documents\Python Projects\Virtual_Environments\pele-thingsboard-gateway\venv\lib\site-packages\paho\mqtt\client.py", line 1598, in reconnect
    self._sock = self._create_socket()
  File "C:\Users\kershan.govender\Documents\Python Projects\Virtual_Environments\pele-thingsboard-gateway\venv\lib\site-packages\paho\mqtt\client.py", line 4614, in _create_socket
    sock = self._create_socket_connection()
  File "C:\Users\kershan.govender\Documents\Python Projects\Virtual_Environments\pele-thingsboard-gateway\venv\lib\site-packages\paho\mqtt\client.py", line 4645, in _create_socket_connection
    return socket.create_connection(addr, timeout=self._connect_timeout, source_address=source)
  File "C:\Program Files\WindowsApps\PythonSoftwareFoundation.Python.3.10_3.10.3056.0_x64__qbz5n2kfra8p0\lib\socket.py", line 845, in create_connection
    raise err
  File "C:\Program Files\WindowsApps\PythonSoftwareFoundation.Python.3.10_3.10.3056.0_x64__qbz5n2kfra8p0\lib\socket.py", line 833, in create_connection
    sock.connect(sa)
OSError: [WinError 10049] The requested address is not valid in its context
2025-07-07 08:31:27.090 - |INFO| - [mqtt_connector.py] - mqtt_connector - close - 383 - MQTT Connector has been stopped.
2025-07-07 08:31:32.487 - |INFO| - [mqtt_connector.py] - mqtt_connector - load_handlers - 314 - Number of accepted mapping handlers: 1
2025-07-07 08:31:32.506 - |ERROR| - [tb_logger.py] - tb_logger - exception - 182 - Error while connecting to broker MQTT Connector: [WinError 10049] The requested address is not valid in its context
Traceback (most recent call last):
  File "C:\Users\kershan.govender\Documents\GitHub_Projects\pele-thingsboard-gateway\thingsboard_gateway\connectors\mqtt\mqtt_connector.py", line 355, in __connect
    self._client.connect(self.__broker['host'], self.__broker.get('port', 1883))
  File "C:\Users\kershan.govender\Documents\Python Projects\Virtual_Environments\pele-thingsboard-gateway\venv\lib\site-packages\paho\mqtt\client.py", line 1435, in connect
    return self.reconnect()
  File "C:\Users\kershan.govender\Documents\Python Projects\Virtual_Environments\pele-thingsboard-gateway\venv\lib\site-packages\paho\mqtt\client.py", line 1598, in reconnect
    self._sock = self._create_socket()
  File "C:\Users\kershan.govender\Documents\Python Projects\Virtual_Environments\pele-thingsboard-gateway\venv\lib\site-packages\paho\mqtt\client.py", line 4614, in _create_socket
    sock = self._create_socket_connection()
  File "C:\Users\kershan.govender\Documents\Python Projects\Virtual_Environments\pele-thingsboard-gateway\venv\lib\site-packages\paho\mqtt\client.py", line 4645, in _create_socket_connection
    return socket.create_connection(addr, timeout=self._connect_timeout, source_address=source)
  File "C:\Program Files\WindowsApps\PythonSoftwareFoundation.Python.3.10_3.10.3056.0_x64__qbz5n2kfra8p0\lib\socket.py", line 845, in create_connection
    raise err
  File "C:\Program Files\WindowsApps\PythonSoftwareFoundation.Python.3.10_3.10.3056.0_x64__qbz5n2kfra8p0\lib\socket.py", line 833, in create_connection
    sock.connect(sa)
OSError: [WinError 10049] The requested address is not valid in its context
2025-07-07 08:31:39.888 - |INFO| - [mqtt_connector.py] - mqtt_connector - close - 383 - MQTT Connector has been stopped.
2025-07-07 09:00:13.169 - |INFO| - [mqtt_connector.py] - mqtt_connector - load_handlers - 314 - Number of accepted mapping handlers: 1
2025-07-07 09:00:13.701 - |INFO| - [mqtt_connector.py] - mqtt_connector - _on_connect - 402 - MQTT Connector connected to 34.173.180.125:1883 - successfully.
2025-07-07 09:00:13.705 - |INFO| - [mqtt_connector.py] - mqtt_connector - _on_connect - 480 - Connector "MQTT Connector" subscribe to cpv1/#
2025-07-07 09:00:13.964 - |INFO| - [mqtt_connector.py] - mqtt_connector - _on_subscribe - 523 - ()
2025-07-07 09:00:13.964 - |INFO| - [mqtt_connector.py] - mqtt_connector - _on_subscribe - 530 - "MQTT Connector" subscription success to topic cpv1/#, subscription message id = 1
2025-07-07 10:02:57.357 - |INFO| - [mqtt_connector.py] - mqtt_connector - _on_connect - 402 - MQTT Connector connected to 34.173.180.125:1883 - successfully.
2025-07-07 10:02:57.357 - |INFO| - [mqtt_connector.py] - mqtt_connector - _on_connect - 480 - Connector "MQTT Connector" subscribe to cpv1/#
2025-07-07 10:02:59.208 - |INFO| - [mqtt_connector.py] - mqtt_connector - _on_connect - 402 - MQTT Connector connected to 34.173.180.125:1883 - successfully.
2025-07-07 10:02:59.210 - |INFO| - [mqtt_connector.py] - mqtt_connector - _on_connect - 480 - Connector "MQTT Connector" subscribe to cpv1/#
2025-07-07 10:02:59.485 - |INFO| - [mqtt_connector.py] - mqtt_connector - _on_subscribe - 523 - ()
2025-07-07 10:02:59.485 - |INFO| - [mqtt_connector.py] - mqtt_connector - _on_subscribe - 530 - "MQTT Connector" subscription success to topic cpv1/#, subscription message id = 3
2025-07-07 10:13:12.778 - |INFO| - [mqtt_connector.py] - mqtt_connector - _on_connect - 402 - MQTT Connector connected to 34.173.180.125:1883 - successfully.
2025-07-07 10:13:12.778 - |INFO| - [mqtt_connector.py] - mqtt_connector - _on_connect - 480 - Connector "MQTT Connector" subscribe to cpv1/#
2025-07-07 10:13:14.599 - |INFO| - [mqtt_connector.py] - mqtt_connector - _on_connect - 402 - MQTT Connector connected to 34.173.180.125:1883 - successfully.
2025-07-07 10:13:14.600 - |INFO| - [mqtt_connector.py] - mqtt_connector - _on_connect - 480 - Connector "MQTT Connector" subscribe to cpv1/#
2025-07-07 10:13:14.888 - |INFO| - [mqtt_connector.py] - mqtt_connector - _on_subscribe - 523 - ()
2025-07-07 10:13:14.888 - |INFO| - [mqtt_connector.py] - mqtt_connector - _on_subscribe - 530 - "MQTT Connector" subscription success to topic cpv1/#, subscription message id = 5
2025-07-07 10:58:29.888 - |INFO| - [mqtt_connector.py] - mqtt_connector - _on_connect - 402 - MQTT Connector connected to 34.173.180.125:1883 - successfully.
2025-07-07 10:58:29.890 - |INFO| - [mqtt_connector.py] - mqtt_connector - _on_connect - 480 - Connector "MQTT Connector" subscribe to cpv1/#
2025-07-07 10:58:30.135 - |INFO| - [mqtt_connector.py] - mqtt_connector - _on_subscribe - 523 - ()
2025-07-07 10:58:30.135 - |INFO| - [mqtt_connector.py] - mqtt_connector - _on_subscribe - 530 - "MQTT Connector" subscription success to topic cpv1/#, subscription message id = 6
2025-07-07 11:18:59.686 - |INFO| - [mqtt_connector.py] - mqtt_connector - close - 383 - MQTT Connector has been stopped.
2025-07-07 14:33:51.912 - |INFO| - [mqtt_connector.py] - mqtt_connector - load_handlers - 314 - Number of accepted mapping handlers: 1
2025-07-07 14:33:51.934 - |ERROR| - [tb_logger.py] - tb_logger - exception - 182 - Error while connecting to broker MQTT Connector: [WinError 10049] The requested address is not valid in its context
Traceback (most recent call last):
  File "C:\Users\kershan.govender\Documents\GitHub_Projects\pele-thingsboard-gateway\thingsboard_gateway\connectors\mqtt\mqtt_connector.py", line 355, in __connect
    self._client.connect(self.__broker['host'], self.__broker.get('port', 1883))
  File "C:\Users\kershan.govender\Documents\Python Projects\Virtual_Environments\pele-thingsboard-gateway\venv\lib\site-packages\paho\mqtt\client.py", line 1435, in connect
    return self.reconnect()
  File "C:\Users\kershan.govender\Documents\Python Projects\Virtual_Environments\pele-thingsboard-gateway\venv\lib\site-packages\paho\mqtt\client.py", line 1598, in reconnect
    self._sock = self._create_socket()
  File "C:\Users\kershan.govender\Documents\Python Projects\Virtual_Environments\pele-thingsboard-gateway\venv\lib\site-packages\paho\mqtt\client.py", line 4614, in _create_socket
    sock = self._create_socket_connection()
  File "C:\Users\kershan.govender\Documents\Python Projects\Virtual_Environments\pele-thingsboard-gateway\venv\lib\site-packages\paho\mqtt\client.py", line 4645, in _create_socket_connection
    return socket.create_connection(addr, timeout=self._connect_timeout, source_address=source)
  File "C:\Program Files\WindowsApps\PythonSoftwareFoundation.Python.3.10_3.10.3056.0_x64__qbz5n2kfra8p0\lib\socket.py", line 845, in create_connection
    raise err
  File "C:\Program Files\WindowsApps\PythonSoftwareFoundation.Python.3.10_3.10.3056.0_x64__qbz5n2kfra8p0\lib\socket.py", line 833, in create_connection
    sock.connect(sa)
OSError: [WinError 10049] The requested address is not valid in its context
2025-07-07 14:33:55.569 - |INFO| - [mqtt_connector.py] - mqtt_connector - close - 383 - MQTT Connector has been stopped.
